idnJudge	JUDGE_CODE	JUDGE_NAME	JUDGE_ST_ADDRESS	JUDGE_CITY	JUDGE_STATE	JUDGE_ZIP_1	JUDGE_ZIP_2	JUDGE_PHONE_NO	datCreatedOn	datModifiedOn	blnActive	blnSkippedOnWheel	blnLastOnWheel	blnSkippedOnWheelMA	blnLastOnWheelMA	intOrderMA	intOrderMM
126	AA	ATENAIDE, ANTHONY  							2003-08-10 11:31:57.427	2011-02-10 10:40:22.000	0	1	0	1	0	507	505
127	AAA	<ALL JUDGES>							2003-08-10 11:31:57.427		0	1	0	1	0	1	1
984	AAJ	JENKINS, ARKESIA							2020-02-20 15:14:20.877	2020-02-20 15:14:20.877	1	1	0	1	0	1	1
493	AAK	KHAN, AMIENA A.							2010-11-12 13:49:14.000	2010-11-12 13:49:14.000	1	1	0	1	0	889	902
967	AAN	ANDERSON, AMELIA							2019-11-22 09:10:05.047	2019-11-22 09:10:05.047	1	1	0	1	0	1	1
1000	AAO	OWENS, ALFREDIA							2020-03-03 13:47:06.090	2020-03-03 13:47:06.090	1	1	0	1	0	1	1
617	AAS	SWINK, ARWEN A.							2017-01-05 15:06:40.000	2017-01-05 15:06:40.000	1	1	0	1	0	886	-190
376	AAT	TABADDOR, A. ASHLEY							2005-12-09 13:30:02.000	2005-12-09 13:30:02.000	1	1	0	1	0	-1245	886
128	AAV	VOMACKA, ALAN A.							2003-08-10 11:31:57.427		1	1	0	1	0	-733	-15057
801	ABE	BEHNE, AUDRA R.							2018-08-30 09:31:52.000	2018-08-30 09:31:52.000	1	1	0	1	0	-4069	-7564
450	ABM	BROWN, ALISON M.							2010-04-23 16:30:30.000	2010-04-23 16:30:30.000	1	1	0	1	0	904	275
452	ABT	BROWN, ALISON M. (TEMP)							2010-04-27 14:21:38.000	2010-04-28 14:34:55.000	0	1	0	1	0	434	-165
540	AC2	CHUGH, AMIT  							2015-06-11 16:20:55.000	2015-06-11 16:20:55.000	1	1	0	1	0	-432	-3406
129	ACB	BOYES, ARVID C.							2003-08-10 11:31:57.427		0	1	0	1	0	1	737
472	ACH	HOOGASIAN, AMY C.							2010-10-08 15:25:59.000	2017-04-18 16:10:12.000	1	1	0	1	0	-538	807
867	ACL	LITTLE, ANNA C.							2018-12-19 14:24:58.420	2018-12-19 14:24:58.420	1	1	0	1	0	906	451
1075	ACT	CARROLL-TIPTON, ANDREA							2020-11-09 10:33:29.577	2020-11-09 10:33:29.577	1	1	0	1	0	1	1
994	ADG	GEORGE, AMBER D							2020-02-21 15:40:51.363	2020-02-21 15:40:51.363	1	1	0	1	0	1	1
1131	ADL	LEE, ALEXANDER							2021-06-16 10:00:23.283	2021-06-16 10:00:23.283	1	1	0	1	0	1	1
461	ADM	MARTINEZ, ANIBAL D.							2010-09-01 14:43:28.000	2010-09-01 14:43:28.000	1	1	0	1	0	344	856
130	ADP	PETRONE, ANTHONY D., JR.							2003-08-10 11:31:57.427		0	1	0	1	0	1	475
383	AED	DAW, ALISON E							2006-05-18 11:45:42.000	2006-05-18 11:45:42.000	1	1	0	1	0	368	126
131	AEG	GONZALEZ, ALBERTO E.							2003-08-10 11:31:57.427		1	1	0	1	0	1	398
638	AEM	MAINGOT, ANTHONY E.							2017-03-03 09:57:17.000	2017-03-03 09:57:17.000	1	1	0	1	0	901	-2048
805	AEP	PERRY, ANNE  							2018-08-31 11:46:09.000	2018-10-24 22:23:15.000	0	1	0	1	0	-299	-899
969	AHO	HONG, ANDREA							2019-11-25 15:48:03.440	2019-11-25 15:48:03.440	1	1	0	1	0	1	1
997	AJB	JOHN-BAPTISTE, ALLAN							2020-03-02 09:06:49.853	2020-11-09 12:08:01.800	1	1	0	1	0	1	1
941	AJC	CABORN, ANDREW J.							2019-09-18 08:12:52.350	2019-09-18 08:12:52.350	1	1	0	1	0	1	1
744	AJD	DICAMILLO, ANGELO J.							2018-01-25 15:50:28.000	2018-01-25 15:50:28.000	1	1	0	1	0	-538	-2109
346	AJG	GREER, ANNE J.							2004-09-14 08:15:16.310	2020-02-20 11:07:39.700	1	1	0	1	0	1	1
132	AJR	RIEFKOHL, ALBERTO J.							2003-08-10 11:31:57.427		1	1	0	1	0	909	847
1042	AJS	JEANNOPOULOS, AMANDA							2020-07-07 14:20:54.233	2020-09-30 15:35:44.427	1	1	0	1	0	1	1
874	AKN	KHAN, ANWER A.							2019-02-05 14:15:19.340	2019-02-05 14:15:19.340	1	1	0	1	0	-685	870
847	AKP	PERRY, ANNE KRISTINA							2018-10-24 22:25:26.000	2018-10-24 22:25:26.000	1	1	0	1	0	-1157	-1398
1021	AKR	KOPPENHOFER ANDREA							2020-05-28 10:10:22.207	2020-06-02 09:18:30.720	1	1	0	1	0	1	1
908	ALB	BURGESS, ABRAHAM L.							2019-06-26 21:37:42.790	2019-10-21 14:44:23.757	1	1	0	1	0	889	909
816	ALM	MEYER, ABBY L.							2018-09-04 10:49:23.000	2018-09-04 10:49:23.000	1	1	0	1	0	-258	887
133	ALP	PAGE, ALAN L.							2003-08-10 11:31:57.427		1	1	0	1	0	-4396	-10612
134	ALR	REESE, AGNELIS L.							2003-08-10 11:31:57.427		1	1	0	1	0	-2152	-11317
806	ALS	SIMONS, ANITA L.							2018-08-31 11:51:11.000	2018-09-26 15:14:10.000	1	1	0	1	0	-1414	891
135	AMC	COSME, ANGEL M.							2003-08-10 11:31:57.427		0	1	0	1	0	1	1
136	AMD	DEGAETO, ANTHONY M.							2003-08-10 11:31:57.427		0	1	0	1	0	1	475
995	AML	MANN, ANA M. L.							2020-02-24 12:13:26.613	2020-02-24 12:13:26.613	1	1	0	1	0	1	1
851	AMM	MCDERMOTT, ANN M.							2018-10-29 10:58:12.000	2019-08-23 22:22:49.480	0	1	0	1	0	839	881
634	AMN	NGUYEN, AN MAI							2017-03-02 15:59:24.000	2017-03-02 15:59:24.000	1	1	0	1	0	727	861
510	AMP	PRICE, ABIGAIL M.							2013-02-04 16:00:22.000	2013-02-04 16:00:22.000	1	1	0	1	0	341	-1852
772	AMS	MUNSON, ANGELA  							2018-07-03 14:48:41.000	2018-07-03 14:48:41.000	1	1	0	1	0	-111	-4130
488	AND	SLOAN, ANDREA  							2010-10-27 17:53:13.000	2010-10-27 17:53:13.000	1	1	0	1	0	502	-563
1015	ANP	PETTY AARON R.							2020-04-23 09:18:26.700	2020-04-23 09:18:26.700	1	1	0	1	0	1	1
137	AO	OPACIUCH, ADAM  							2003-08-10 11:31:57.427	2009-12-28 15:25:49.000	1	1	0	1	0	-4078	-12994
584	APA	PARTIDA, ANA  							2016-06-06 13:51:26.000	2016-06-06 13:51:26.000	1	1	0	1	0	-1756	-14136
1114	APL	PERL, ADAM							2021-03-24 10:32:00.747	2021-03-24 10:32:00.747	1	1	0	1	0	1	1
395	ARA	ARTHUR, ANDREW R.							2006-11-03 13:20:32.000	2006-11-03 13:20:32.000	1	1	0	1	0	-38	-3024
503	ARD	DORFMAN, ARLENE E.							2011-07-08 15:54:37.000	2011-07-08 15:54:37.000	1	1	0	1	0	-1258	-1960
572	ARK	KANE, ALISON R.							2016-05-10 10:56:48.000	2016-05-17 13:33:12.000	1	1	0	1	0	-90	773
922	ARL	LARSEN, ALEXANDRA R.							2019-08-29 13:51:13.010	2019-08-29 13:51:13.010	1	1	0	1	0	1	1
138	ASE	ELSTEIN, ANNETTE S.							2003-08-10 11:31:57.427		1	1	0	1	0	488	505
139	ASG	GARCY, ANNIE S.							2003-08-10 11:31:57.427		1	1	0	1	0	908	173
824	ASH	HARTYE, ALICE SONG							2018-09-18 09:43:02.000	2018-09-18 09:43:02.000	1	1	0	1	0	1	1
475	ASL	SEGAL, ALICE  							2010-10-14 14:51:14.000	2010-10-14 14:51:14.000	1	1	0	1	0	854	834
140	ASM	MURRY, ANTHONY S.							2003-08-10 11:31:57.427		1	1	0	1	0	513	732
821	ASR	RANASINGHE, ARYA S.							2018-09-11 15:56:06.000	2018-09-11 15:56:06.000	1	1	0	1	0	840	895
332	ATG	GIATTINA, ANTHONY T.							2003-08-07 11:21:06.537		1	1	0	1	0	-1244	-6948
514	ATL	LEE, AMY T.							2013-04-05 16:48:36.000	2013-04-05 16:48:36.000	1	1	0	1	0	483	703
1132	ATP	POBJECKY, ARTIE							2021-06-16 10:04:59.993	2021-06-16 10:04:59.993	1	1	0	1	0	1	1
494	AVP	POCZTER, AVIVA L.							2010-11-12 14:15:09.000	2010-11-23 10:36:14.000	1	1	0	1	0	879	905
987	AWC	CALVELLI, ANDREW							2020-02-20 15:33:50.317	2020-02-20 15:33:50.317	1	1	0	1	0	1	1
936	BAB	BURGIE, BREA C.							2019-09-12 15:34:28.883	2019-09-12 15:34:28.883	1	1	0	1	0	1	1
141	BAN	NELSON, BARBARA A.							2003-08-10 11:31:57.427		1	1	0	1	0	704	620
142	BAR	BARTOLOMEI, RICO J.							2003-08-10 11:31:57.427		1	1	0	1	0	484	908
380	BAT	TAYLOR, BRUCE A.							2006-03-03 13:26:40.000	2006-03-03 13:26:40.000	1	1	0	1	0	1	714
143	BAZ	ZUNIGA, BERTHA A.							2003-08-10 11:31:57.427		1	1	0	1	0	408	-5288
556	BB1	BANIC, BRANKA  							2016-02-02 10:15:52.000	2016-02-02 10:15:52.000	1	1	0	1	0	-1199	-4056
955	BB2	BURKE, BRIAN							2019-11-18 22:00:20.747	2019-11-18 22:00:20.747	1	1	0	1	0	1	1
577	BC2	CIGARROA, BARBARA GONZALEZ							2016-06-01 11:33:43.000	2016-06-01 11:33:43.000	1	1	0	1	0	0	905
1062	BCC	CURRAN, BRENDAN C.							2020-09-10 15:05:47.403	2020-09-10 15:05:47.403	1	1	0	1	0	1	1
1067	BDG	DOUGHTY, BLAKE							2020-09-29 13:19:35.937	2020-09-29 13:19:35.937	1	1	0	1	0	1	1
1112	BDP	DEPOWELL, BRYAN E.							2021-03-24 08:57:58.983	2021-03-24 08:57:58.983	1	1	0	1	0	1	1
1115	BDW	WATSON, BRYAN D.							2021-03-24 10:38:13.247	2021-03-24 10:38:13.247	1	1	0	1	0	1	1
539	BHA	Bhagat, Nimmo  							2015-06-11 13:08:51.000	2015-06-11 13:08:51.000	1	1	0	1	0	-451	899
951	BHB	BROWN, BIANCA, H							2019-11-13 09:20:55.547	2019-11-13 09:20:55.547	1	1	0	1	0	1	1
827	BHL	LANDIS, BRENT H.							2018-09-20 14:55:59.000	2021-03-15 15:38:48.760	1	1	0	1	0	1	1
144	BHS	SIMPSON, BRIAN H.							2003-08-10 11:31:57.427		1	1	0	1	0	1	379
970	BIM	IMBACUAN, BRUCE							2019-11-25 15:55:34.080	2019-11-25 15:55:34.080	1	1	0	1	0	1	1
145	BJE	EINHORN, BRUCE J.							2003-08-10 11:31:57.427	2011-02-10 10:41:17.000	0	1	0	1	0	1	431
146	BJH	HORNBACH, BERNARD J.							2003-08-10 11:31:57.427	2011-02-10 10:40:40.000	0	1	0	1	0	1	1
444	BJP	PETTINATO, BARRY J.							2009-11-24 08:21:39.000	2009-11-24 08:21:39.000	1	1	0	1	0	755	-5234
147	BKS	STOCKTON, BETTE KANE							2003-08-10 11:31:57.427		1	1	0	1	0	1	466
148	BLF	LAFOREST, BRIGITTE  							2003-08-10 11:31:57.427		1	1	0	1	0	858	-4591
831	BLH	HART, BRANDON L.							2018-09-27 12:12:10.000	2018-09-27 12:12:10.000	1	1	0	1	0	-9239	-71627
149	BMB	BARRETT, BRUCE M.							2003-08-10 00:00:00.000	2011-02-10 10:41:41.000	0	1	0	1	0	349	-1840
150	BMO	O'LEARY, BRIAN M.							2003-08-10 11:31:57.427		1	1	0	1	0	-2008	-3016
151	BMP	PHILLIPS, BEVERLEY M.							2003-08-10 11:31:57.427	2011-02-10 10:40:55.000	0	1	0	1	0	1	453
1020	BNB	BOLLING, BRANDON M.							2020-05-15 12:19:10.840	2020-05-15 16:01:24.120	1	1	0	1	0	1	1
993	BOC	O'CONNOR, BLAIR							2020-02-21 09:24:40.040	2020-02-21 09:24:40.040	1	1	0	1	0	1	1
421	BP1	PARCHERT, BRETT M.							2008-12-22 13:33:03.000	2008-12-22 13:33:03.000	1	1	0	1	0	-934	788
152	BQM	MALDONADO, BERNABE Q.							2003-08-10 11:31:57.427		0	1	0	1	0	1	1
927	BQN	NGUYEN, BAO Q.							2019-09-05 07:47:52.493	2019-09-05 07:47:52.493	1	1	0	1	0	1	1
505	BSC	CHAIT, BARRY S.							2011-10-27 13:08:54.000	2011-10-27 13:08:54.000	1	1	0	1	0	503	-3721
917	BSI	SARDELLI, BRIAN  							2019-08-27 15:04:12.157	2019-08-27 15:04:12.157	1	1	0	1	0	1	1
626	BSL	LIEBMANN, BETH  							2017-01-24 12:47:14.000	2017-01-24 12:47:14.000	1	1	0	1	0	-4015	-13117
845	BSP	SAPP, BILLY J.							2018-10-18 09:25:08.000	2018-10-18 09:25:08.000	1	1	0	1	0	-892	-3215
793	BTP	PALMER, BRIAN T.							2018-08-24 14:20:06.000	2018-08-24 14:20:06.000	1	1	0	1	0	883	-520
797	BTR	TAYLOR, BROCK E.							2018-08-27 15:03:58.000	2018-08-27 15:03:58.000	1	1	0	1	0	-257	-9451
717	BV1	VIRCHIS, BRIDGET  							2017-08-17 11:16:00.000	2017-08-17 11:16:00.000	1	1	0	1	0	-6622	837
153	BWD	D'AMBROSIO, BILLINO W							2003-08-10 11:31:57.427		0	1	0	1	0	-638	-1468
154	BWS	SOLOW, BRUCE W.							2003-08-10 11:31:57.427		1	1	0	1	0	1	497
321	CAB	BITHER, CHRISTINE A.							2003-03-28 08:39:47.157		1	1	0	1	0	-6183	897
155	CAD	DEL BENE, CHARLES A.							2003-08-10 11:31:57.427	2011-02-10 10:42:26.000	0	1	0	1	0	1	1
512	CAH	HARLOW, CRAIG A.							2013-02-13 12:33:47.000	2013-02-13 12:33:47.000	1	1	0	1	0	408	907
156	CAK	KING, CAROL A.							2003-08-10 11:31:57.427		1	1	0	1	0	507	710
157	CAL	LAUER, CHARLES A.							2003-08-10 11:31:57.427		0	1	0	1	0	515	-1358
924	CAM	MARTYAK, CHRISTINA M.							2019-09-04 16:00:47.283	2019-09-04 16:00:47.283	1	1	0	1	0	1	1
508	CAS	SANTORO, CHRISTOPHER A.							2012-04-09 16:33:39.000	2012-04-09 16:33:39.000	1	1	0	1	0	-32	-3509
825	CAT	THOGERSEN, CASSIE A.							2018-09-20 14:52:46.000	2018-09-20 18:28:48.000	1	1	0	1	0	1	1
158	CAW	WIEGAND, CHARLES A., III							2003-08-10 11:31:57.427	2011-02-10 10:42:45.000	0	1	0	1	0	1	495
715	CB1	BROWN, CHARLOTTE D.							2017-07-24 10:14:35.000	2017-07-24 10:14:35.000	1	1	0	1	0	902	-3289
367	CBA	BRISACK, CHRIS A.							2005-02-25 08:25:59.000	2005-02-25 08:25:59.000	1	1	0	1	0	-196	-2206
159	CC	CUEVAS, CARLOS  							2003-08-10 11:31:57.427		1	1	0	1	0	503	331
709	CC1	CONROY, CHARLES R.							2017-07-11 09:17:35.000	2017-07-11 09:17:35.000	1	1	0	1	0	636	-320
879	CCJ	JOHNSON-PAPILLO, CARRIE C.							2019-02-08 08:39:36.720	2019-02-08 08:39:36.720	1	1	0	1	0	-611	903
160	CDB	BERNARDIS, CRAIG DE							2003-08-10 11:31:57.427		0	1	0	1	0	1	438
877	CDE	DEFOE, CRAIG A.							2019-02-06 13:28:45.880	2019-02-06 13:28:45.880	1	1	0	1	0	761	707
982	CDK	DVORAK, CHARISSA							2020-02-20 15:06:34.047	2020-02-20 15:06:34.047	1	1	0	1	0	1	1
526	CEM	MAURY, CARLOS E.							2015-05-11 14:32:02.000	2015-05-11 14:32:02.000	1	1	0	1	0	-7081	-4571
161	CEP	PAZAR, CHARLES E.							2003-08-10 11:31:57.427		1	1	0	1	0	-1352	-13964
162	CES	STANCILL, CHRISTINE E							2003-08-10 11:31:57.427	2010-09-23 11:06:45.000	1	1	0	1	0	-1236	637
1053	CGA	GLASER-ALLEN, COLLEEN							2020-08-26 08:52:58.937	2020-08-26 08:52:58.937	1	1	0	1	0	1	1
1025	CGW	WHITE, CURTIS G.							2020-06-03 10:53:48.947	2020-06-03 10:53:48.947	1	1	0	1	0	1	1
163	CHC	COPELAND, CARY H.							2003-08-10 11:31:57.427	2011-02-10 10:42:14.000	0	1	0	1	0	1	460
699	CHR	HALLIDAY-ROBERTS, CATHERINE E.							2017-05-12 15:40:03.000	2017-05-12 15:40:03.000	1	1	0	1	0	-32	-6465
469	CJL	LYONS, JOREN  							2010-10-05 10:47:11.000	2010-10-05 10:47:11.000	1	1	0	1	0	29	887
164	CJS	SANDERS, CHARLES J.							2003-08-10 11:31:57.427		1	1	0	1	0	-3030	-6058
347	CKA	ADKINS-BLANCH, CHARLES							2004-09-14 08:15:16.310	2020-02-20 11:02:41.823	1	1	0	1	0	1	483
978	CKI	KRASINSKI, CAROLYN							2020-02-20 14:37:14.123	2020-02-20 14:37:14.123	1	1	0	1	0	1	1
1022	CLB	BELL, CAROL							2020-05-29 13:54:50.350	2020-05-29 13:54:50.350	1	1	0	1	0	1	1
882	CLF	LAMPLEY-FORTSON, CHRISTA J.							2019-02-20 15:05:41.973	2019-02-20 15:57:06.443	1	1	0	1	0	-22	908
737	CLG	LAFUENTE, CYNTHIA							2017-11-22 09:53:07.000	2021-04-07 09:43:00.337	1	1	0	1	0	-94	906
165	CLR	CLERICAL TRANSFER CODE							2003-08-10 11:31:57.427	2009-12-04 10:33:28.000	0	1	0	1	0	-12776	-70196
695	CM1	MARQUEZ, CHARLOTTE S.							2017-04-18 16:14:39.000	2017-04-18 16:14:39.000	1	1	0	1	0	-33	900
702	CMG	GREER, CHRISTOPHER M.							2017-05-16 11:15:33.000	2017-05-16 11:15:33.000	1	1	0	1	0	-17	874
166	CMH	HONEYMAN, CHARLES M.							2003-08-10 11:31:57.427		1	1	0	1	0	895	-4066
719	CMM	MCCULLOUGH, CHARLES M.							2017-08-29 13:55:44.000	2017-08-29 13:55:44.000	1	1	0	1	0	-4993	810
743	CMP	PICTON, CORY M.							2018-01-23 11:06:48.000	2018-10-18 10:56:39.000	1	1	0	1	0	888	405
167	CMR	YATES, CLAREASE RANKIN							2003-08-10 11:31:57.427		1	1	0	1	0	-194	811
1060	CMS	SCHUMANN, CHRISTOPHER M.							2020-09-10 11:50:28.100	2020-09-10 11:50:28.100	1	1	0	1	0	1	1
465	CMW	WAGNER, CLARENCE M., JR.							2010-09-20 11:27:14.000	2010-09-20 11:27:14.000	1	1	0	1	0	-1856	-104
168	CMZ	ZERBE, CRAIG M.							2003-08-10 11:31:57.427		1	1	0	1	0	491	-603
819	CNF	FLOYD, CHARLES NEIL							2018-09-07 11:11:59.000	2018-09-07 11:11:59.000	1	1	0	1	0	1	1
569	CNM	MARTIN, CLAY NELSON							2016-05-04 10:44:31.000	2016-05-04 10:44:31.000	1	1	0	1	0	-737	-5325
657	COK	KNAPP, CARA O'DRISCOLL							2017-03-17 10:43:35.000	2017-03-17 10:43:35.000	1	1	0	1	0	1	717
968	CPH	PHAN, CHRISTOPHER							2019-11-22 15:59:34.320	2019-11-22 15:59:34.320	1	1	0	1	0	1	1
1009	CPJ	JOHNSON, COLIN							2020-03-25 09:33:01.000	2021-04-19 11:22:52.777	1	1	0	1	0	1	1
856	CPN	PRESSMAN, CHRISTIAN M.							2018-11-30 14:34:26.593	2018-11-30 14:34:26.593	1	1	0	1	0	1	-4
382	CRH	HOLLIDAY, CAREY R.							2006-05-12 14:09:42.000	2011-02-10 10:41:59.000	0	1	0	1	0	1	497
807	CRJ	JUELLE, CARLOS R.							2018-08-31 11:54:36.000	2018-08-31 11:54:36.000	1	1	0	1	0	-2798	896
712	CRS	SEPPANEN, CHRISTOPHER R.							2017-07-21 16:43:49.000	2017-07-21 16:43:49.000	1	1	0	1	0	908	806
933	CSE	SAGESSE, CATHY  							2019-09-11 13:05:38.183	2019-09-11 13:05:38.183	1	1	0	1	0	1	1
531	CSG	GREENE III, CHARLES S.							2015-05-22 15:58:20.000	2015-10-26 10:28:14.000	1	1	0	1	0	894	768
1057	CSK	KOUTRAS, CHARLES							2020-09-09 12:09:38.963	2020-09-09 12:09:38.963	1	1	0	1	0	1	1
791	CST	TORG, CYNTHIA SHEPHERD							2018-08-22 10:51:55.000	2018-08-22 10:51:55.000	1	1	0	1	0	-5033	756
843	CTN	THIELEMANN, CHRISTOPHER J.							2018-10-15 16:04:13.000	2019-01-29 17:09:37.220	1	1	0	1	0	-9588	-72396
757	CYG	GORDON, CYNTHIA  							2018-06-22 09:54:01.000	2018-06-22 09:54:01.000	1	1	0	1	0	802	858
169	DA	AYALA, DAVID  							2003-08-10 11:31:57.427		1	1	0	1	0	-1473	-8852
800	DAD	MORWOOD, DION A.							2018-08-27 16:50:27.000	2018-08-27 16:50:27.000	1	1	0	1	0	897	505
1044	DAH	HINDS ROACH, DENISE A.							2020-07-07 14:58:37.800	2020-07-17 11:50:16.487	1	1	0	1	0	1	1
1058	DAJ	JONES, DELANA M.							2020-09-10 11:31:41.120	2020-09-10 11:31:41.120	1	1	0	1	0	1	1
170	DAL	LEVAY, DEAN A.							2003-08-10 11:31:57.427	2011-02-10 10:45:44.000	0	1	0	1	0	1	1
171	DAM	MEISNER, DANIEL A.							2003-08-10 11:31:57.427	2011-02-10 10:44:06.000	0	1	0	1	0	1	326
948	DAN	DALE ANDERSON							2019-10-28 10:22:43.067	2019-10-28 10:22:43.067	1	1	0	1	0	1	1
172	DAR	ROGERS, D. ANTHONY							2003-08-10 11:31:57.427	2011-02-10 10:43:18.000	0	1	0	1	0	1	485
441	DB	BURKE, DAVID  							2009-11-12 11:05:43.000	2009-11-12 11:05:43.000	1	1	0	1	0	-1235	776
411	DBP	PEAD, DUSTIN  							2008-04-14 13:51:26.000	2008-04-14 13:51:26.000	1	1	0	1	0	1	445
173	DBS	SCHOPPERT, DOUGLAS B.							2003-08-10 11:31:57.427		1	1	0	1	0	854	810
700	DC1	CHENG, DAVID  							2017-05-15 11:09:22.000	2017-05-15 11:09:22.000	1	1	0	1	0	859	902
325	DCA	ANDERSON, DAVID C.							2003-04-07 13:38:30.077		1	1	0	1	0	-1260	844
573	DCO	O'HARE, DONALD C.							2016-05-10 10:57:51.000	2016-05-17 13:34:28.000	1	1	0	1	0	-204	583
722	DCV	VERMA, DINESH C.							2017-10-03 09:58:03.000	2017-10-03 09:58:03.000	1	1	0	1	0	757	385
694	DCW	WHIPPLE, DAVID C.							2017-04-18 16:03:12.000	2017-04-18 16:03:12.000	1	1	0	1	0	906	909
174	DDB	DUNKEL-BRADLEY, DOROTHY  							2003-08-10 11:31:57.427		1	1	0	1	0	-1234	-7006
1003	DDE	EVANS, DAVID W.							2020-03-04 08:58:18.540	2020-03-04 08:58:18.540	1	1	0	1	0	1	1
1008	DDF	FRAIDEN, DAVID							2020-03-25 09:23:31.377	2020-03-25 09:23:31.377	1	1	0	1	0	1	1
1077	DDP	PASHAYAN, DONALD							2020-11-09 11:55:49.700	2020-11-09 11:55:49.700	1	1	0	1	0	1	1
1040	DDR	RUSSO, DAVID							2020-07-01 11:33:57.667	2020-07-01 11:33:57.667	1	1	0	1	0	1	1
175	DDS	SITGRAVES, D.D.  							2003-08-10 11:31:57.427		1	1	0	1	0	-1335	-12734
1035	DDW	WHITE, DAVID							2020-06-16 11:36:56.010	2020-10-22 15:18:59.803	1	1	0	1	0	1	1
348	DE	ECHAVARREN, DANIEL  							2004-09-14 08:15:16.310	2011-02-10 10:44:27.000	0	1	0	1	0	1	1
954	DED	DODD, DIANE							2019-11-13 14:52:21.183	2019-11-13 14:52:21.183	1	1	0	1	0	1	1
1056	DEN	ERICKSON, DAVID							2020-09-03 09:49:41.733	2020-09-03 09:49:41.733	1	1	0	1	0	1	1
885	DER	ELLER, DONALD R., JR.							2019-03-06 11:07:19.973	2019-03-06 11:07:19.973	1	1	0	1	0	-780	-15794
176	DFC	COUPE, DENNIS F.							2003-08-10 11:31:57.427		0	1	0	1	0	1	1
625	DGB	BROWN, DENISE G.							2017-01-24 12:38:37.000	2017-01-24 12:38:37.000	1	1	0	1	0	-4114	-25267
776	DGT	GILBERT, DANIEL B.							2018-07-11 09:04:17.000	2018-07-11 09:04:17.000	1	1	0	1	0	-199	892
391	DH	HARBECK, DOROTHY A.							2006-09-19 13:44:44.000	2006-09-22 10:59:28.000	1	1	0	1	0	891	-563
562	DHF	FREEMAN, D'ANNA H.							2016-02-26 13:42:53.000	2016-02-26 13:42:53.000	1	1	0	1	0	-9045	-70194
838	DHM	MALVIN, DANIEL H.							2018-09-28 08:26:42.000	2018-09-28 08:26:42.000	1	1	0	1	0	-4145	-868
547	DHO	HOCHUL, DENISE  							2015-12-10 16:08:34.000	2015-12-10 16:08:34.000	1	1	0	1	0	-4903	903
498	DHP	PARUCH, DAVID H.							2010-12-14 13:57:44.000	2010-12-14 13:57:44.000	1	1	0	1	0	-4423	765
177	DHS	SIMS, DEITRICH H.							2003-08-10 11:31:57.427		1	1	0	1	0	-1735	-2468
553	DHW	WEISS, DANIEL H.							2016-02-01 16:32:04.000	2016-02-01 16:32:04.000	1	1	0	1	0	-9042	-70476
618	DIG	GONZALEZ, DELIA I.							2017-01-06 14:15:26.000	2017-01-06 14:15:26.000	1	1	0	1	0	-95	899
178	DJC	CORDOVA, DAVID J.							2003-08-10 11:31:57.427		1	1	0	1	0	229	-2355
546	DJD	DAUGHERTY, DANIEL J.							2015-10-14 15:51:27.000	2016-10-31 14:48:15.000	1	1	0	1	0	222	33
1037	DJR	REDWOOD, DANIEL J.							2020-06-17 11:21:50.883	2020-06-17 11:21:50.883	1	1	0	1	0	1	1
485	DJS	SANTANDER, DANIEL J.							2010-10-22 10:54:12.000	2010-10-22 10:54:12.000	1	1	0	1	0	417	667
754	DK1	KOELSCH, DAVID C.							2018-06-06 11:15:11.000	2018-06-06 11:15:11.000	1	1	0	1	0	-1403	725
624	DKG	GOODWIN, DEBORAH K.							2017-01-11 10:08:37.000	2017-01-11 10:08:37.000	1	1	0	1	0	885	905
1024	DKM	MARGOLIN, DAREN K.							2020-06-01 10:45:45.853	2020-06-01 10:45:45.853	1	1	0	1	0	1	1
915	DKR	KLAHR, DEBORAH E.							2019-08-27 14:06:52.347	2019-08-27 14:06:52.347	1	1	0	1	0	1	1
840	DKT	KINNICUTT, DANIEL P.							2018-10-10 11:42:47.000	2018-10-10 11:42:47.000	1	1	0	1	0	-2943	895
1072	DKU	KULICK, DAWN							2020-11-05 11:29:08.247	2020-11-05 11:29:08.247	1	1	0	1	0	1	1
401	DL	LIPPMAN, DANIEL  							2008-02-19 08:49:15.000	2008-05-13 13:52:18.000	1	1	0	1	0	-764	468
179	DLK	KAHN, DANIEL L.							2003-08-10 11:31:57.427		0	1	0	1	0	1	391
180	DLL	LIVINGSTON, DONN L.							2003-08-10 11:31:57.427		1	1	0	1	0	-4457	-27238
356	DLM	MARKS, DANA LEIGH							2004-10-18 00:00:00.000	2004-10-18 12:54:17.000	1	1	0	1	0	891	906
349	DLN	NEAL, DAVID L.							2004-09-14 08:15:16.310	2011-02-10 10:45:00.000	0	1	0	1	0	1	478
420	DM	MORRIS, DANIEL A.							2008-10-26 14:25:44.000	2009-04-08 10:32:59.000	1	1	0	1	0	-375	907
181	DMB	BEAMER, DAYNA  							2003-08-10 11:31:57.427		1	1	0	1	0	-1264	62
864	DMJ	JONES, DAVID M.							2018-12-14 20:46:54.163	2018-12-14 20:46:54.163	1	1	0	1	0	-605	421
182	DMK	MARKS, DANA L.							2003-08-10 00:00:00.000	2004-10-18 13:53:12.000	0	1	0	1	0	1	1
183	DML	LANE, DENISE A. MARKS							2003-08-10 11:31:57.427		1	1	0	1	0	885	-990
1126	DMP	PAXTON, DAVID M.							2021-03-31 14:14:47.940	2021-03-31 17:10:07.407	1	1	0	1	0	1	1
499	DNM	NADKARNI, DEEPALI  							2011-03-11 16:36:44.000	2011-04-07 12:11:49.000	1	1	0	1	0	-4349	786
975	DNO	NORKIN, DAVID							2019-12-13 15:49:29.287	2019-12-13 15:49:29.287	1	1	0	1	0	1	1
184	DNS	SLAVIN, DENISE N.							2003-08-10 11:31:57.427		1	1	0	1	0	-898	488
1033	DRD	REID, DARA							2020-06-12 09:51:12.880	2020-06-12 09:51:12.880	1	1	0	1	0	1	1
530	DRH	HOLYOAK, DALIN R.							2015-05-22 15:57:06.000	2015-05-22 15:57:06.000	1	1	0	1	0	904	721
185	DRJ	JAMES, DENNIS R.							2003-08-10 11:31:57.427	2011-03-16 12:51:47.000	1	1	0	1	0	1	489
1123	DRN	ROBERTSON, DAVID							2021-03-25 12:31:27.117	2021-03-25 12:31:27.117	1	1	0	1	0	1	1
186	DRS	SELIGMAN, DARLENE R.							2003-08-10 11:31:57.427		0	1	0	1	0	1	1
609	DST	TUCKMAN, DEAN S.							2016-10-11 10:42:15.000	2016-10-11 10:42:15.000	1	1	0	1	0	-195	247
480	DTB	TRIMBLE, DAN  							2010-10-18 18:10:23.000	2010-10-18 18:10:23.000	1	1	0	1	0	315	-4888
187	DVF	FERLISE, DONALD V.							2003-08-10 11:31:57.427	2011-02-10 10:46:38.000	0	1	0	1	0	1	429
1028	DVR	RHODEN, DAVID VINCENT.							2020-06-09 11:31:40.797	2020-06-09 11:31:40.797	1	1	0	1	0	1	1
188	DWC	CROSLAND, DAVID W.							2003-08-10 11:31:57.427	2018-12-14 16:10:22.870	1	1	0	1	0	-238	-189
393	DWE	EVANS, D. WILLIAM, JR.							2006-10-20 16:35:10.000	2011-02-10 10:43:31.000	1	1	0	1	0	319	-7248
690	DWT	THOMPSON, DONALD W., JR.							2017-04-14 14:36:55.000	2017-04-14 14:36:55.000	1	1	0	1	0	906	54
873	EAC	COTTOR, ELIZABETH A							2019-02-05 13:11:46.497	2019-02-05 13:11:46.497	1	1	0	1	0	-14	881
189	EAH	HACKER, ELIZABETH A.							2003-08-10 11:31:57.427		1	1	0	1	0	482	-1601
377	EAK	KESSLER, ELIZABETH A.							2006-01-09 15:51:13.000	2006-01-11 15:54:57.000	1	1	0	1	0	-386	-426
190	EAL	LAMB, ELIZABETH A.							2003-08-10 11:31:57.427		1	1	0	1	0	-4773	-19571
829	EBS	BALES, ERIC C.							2018-09-27 12:03:49.000	2018-09-27 12:04:39.000	1	1	0	1	0	-9039	-42144
374	EBW	WILSON, EARLE B							2005-09-29 16:25:19.000	2005-09-29 16:25:19.000	1	1	0	1	0	-1004	721
587	EC3	CASTROLUGO, ELISA  							2016-06-22 13:23:18.000	2016-06-22 13:23:18.000	1	1	0	1	0	-484	-8800
191	ECC	CABRERA, ESMERALDA  							2003-08-10 11:31:57.427	2011-02-10 10:47:08.000	0	1	0	1	0	1	393
192	ECK	KLEIN, ELIZA C.							2003-08-10 11:31:57.427	2019-11-13 10:14:17.787	0	1	0	1	0	-1412	-6270
990	EDG	GRANT, EDWARD							2020-02-21 09:10:59.307	2020-02-21 09:10:59.307	1	1	0	1	0	1	1
998	EDL	LEE,  EDWARD							2020-03-03 08:52:18.190	2020-03-03 08:52:18.190	1	1	0	1	0	1	1
1137	EDP	PIETERS, EDWIN							2021-06-21 14:55:33.023	2021-06-21 14:55:33.023	1	1	0	1	0	1	1
629	EDS	SOPER, EMMETT D.							2017-02-02 15:27:03.000	2017-02-02 15:27:03.000	1	1	0	1	0	-5549	856
865	EDW	DILLOW, ERIC  							2018-12-19 13:38:02.130	2018-12-19 13:38:02.130	1	1	0	1	0	-43	843
799	EFC	FARRAR-CROCKETT, EMILY  							2018-08-27 15:17:30.000	2018-08-27 15:17:30.000	1	1	0	1	0	-3897	894
500	EFK	KELLY, EDWARD F.							2011-03-16 16:08:54.000	2011-03-16 16:08:54.000	1	1	0	1	0	-11	-6736
698	EGL	LANG, ELIZABETH G.							2017-05-12 15:32:25.000	2017-05-12 15:32:25.000	1	1	0	1	0	811	828
1046	EGN	GROGAN, EDWARD							2020-07-14 10:22:42.663	2020-07-14 10:22:42.663	1	1	0	1	0	1	1
1111	EHC	CRITES, ELIZABETH							2021-03-18 12:54:43.703	2021-03-18 12:54:43.703	1	1	0	1	0	1	1
516	EHM	MCGRAIL, ELIZABETH H.							2013-04-22 10:46:24.000	2013-04-22 10:46:24.000	1	1	0	1	0	-1243	-7874
966	EHR	ROBINSON JR., EUGENE H.							2019-11-22 08:11:17.007	2019-11-22 08:11:17.007	1	1	0	1	0	1	1
778	EJT	TIJERINA, ERIC J.							2018-07-11 16:07:39.000	2018-07-11 16:07:39.000	1	1	0	1	0	-906	908
895	EKN	KLEIN, ELIZA  							2019-04-11 12:44:37.493	2019-04-11 12:44:37.493	1	1	0	1	0	-292	-4485
596	ELY	YOUNG, ELIZABETH L.							2016-08-10 10:56:55.000	2016-08-10 10:56:55.000	1	1	0	1	0	893	444
565	EM1	MANUEL, ELISE  							2016-03-08 14:12:10.000	2016-03-08 14:12:10.000	1	1	0	1	0	-6194	-3683
707	EM2	MARSTELLER, ERIC W.							2017-05-30 16:47:34.000	2017-05-30 16:48:52.000	1	1	0	1	0	-33	898
632	EMB	BARCUS, E. MARK							2017-02-22 13:24:30.000	2017-02-22 13:24:30.000	1	1	0	1	0	-4898	371
926	EMK	MCGUIRK, ERICA J.							2019-09-05 07:44:56.217	2021-03-08 08:55:13.323	1	1	0	1	0	1	1
193	EMS	SUKKAR, ELISA M.							2003-08-10 11:31:57.427		1	1	0	1	0	-5061	-13171
869	EMZ	MARTINEZ, ELIZABETH  							2018-12-19 18:27:15.743	2018-12-19 18:27:15.743	1	1	0	1	0	-42	-3321
1079	ENA	ALEXANDER, ERIN							2020-11-19 16:16:03.760	2020-11-19 16:16:03.760	1	1	0	1	0	1	1
991	ENL	LIEBOWITZ, ELLEN							2020-02-21 09:14:51.573	2020-02-21 09:14:51.573	1	1	0	1	0	1	1
194	EP	PUGLIESE, EUGENE  							2003-08-10 11:31:57.427		1	1	0	1	0	-1894	-2877
557	EPD	DOUCHY, EVALYN P.							2016-02-02 11:17:04.000	2016-02-02 11:17:04.000	1	1	0	1	0	703	520
195	ERH	HUGHES, EDWIN R.							2003-08-10 11:31:57.427		1	1	0	1	0	0	-1330
196	ERK	KANDLER, EDWARD R.							2003-08-10 11:31:57.427		1	1	0	1	0	514	518
470	ERT	TRUJILLO, EILEEN R.							2010-10-07 13:28:27.000	2010-10-07 13:28:27.000	1	1	0	1	0	908	678
588	ESS	SALTZMAN, EVA S.							2016-07-06 10:09:19.000	2016-07-06 10:09:19.000	1	1	0	1	0	668	-3231
197	ET	TOVAR, ELEAZAR  							2003-08-10 11:31:57.427		1	1	0	1	0	0	-1306
1120	ETK	KAPLAN, ELLIOT							2021-03-25 10:48:00.767	2021-03-25 10:48:00.767	1	1	0	1	0	1	1
1002	ETP	TALAVERA-PERAZA, ELVIN							2020-03-03 16:19:22.803	2020-03-03 16:19:22.803	1	1	0	1	0	1	1
373	EWB	Wilson, Earle B							2005-09-29 16:22:23.000	2009-07-14 14:30:40.000	0	1	0	1	0	1	1
381	FGL	LEEDS, FREDERIC G.							2006-04-05 16:36:54.000	2007-10-29 10:23:39.000	1	1	0	1	0	872	-3691
940	FHR	HOOVER, FORREST W., III							2019-09-17 15:03:43.507	2019-09-17 15:03:43.507	1	1	0	1	0	1	1
394	FJG	Guzzo, Fred J.							2006-10-20 16:31:16.000	2011-02-10 10:47:41.000	0	1	0	1	0	1	398
198	FJL	LYONS, FRANCIS J.							2003-08-10 11:31:57.427		0	1	0	1	0	1	479
350	FLC	CRAMER, FRANCIS L.							2004-09-14 08:15:16.310		1	1	0	1	0	517	517
385	FMT	TRAVIESO, FRANK M.							2006-05-23 16:00:06.000	2006-05-26 15:34:06.000	1	1	0	1	0	-1239	861
803	FMZ	MENDEZ, FRANCISCO  							2018-08-30 09:54:32.000	2018-08-30 09:54:32.000	1	1	0	1	0	-5027	873
861	FPO	PRIETO, FRANCISCO R.							2018-12-11 08:24:50.793	2019-04-01 11:06:52.060	1	1	0	1	0	763	686
705	FTP	PIMENTEL, FRANK T.							2017-05-16 13:23:20.000	2017-05-16 13:23:20.000	1	1	0	1	0	-154	909
857	FWD	FT WORTH DOCKET							2018-12-04 12:01:46.617	2018-12-04 12:01:46.617	1	1	0	1	0	-25	-1286
199	GA	VAHID-TEHRANI, GITA  							2003-08-10 11:31:57.427		1	1	0	1	0	576	-120
828	GAC	CROOKS, GRADY A							2018-09-20 14:56:43.000	2018-09-20 14:56:43.000	1	1	0	1	0	1	1
200	GAS	SEASE, GRACE A.							2003-08-10 11:31:57.427	2011-02-10 10:50:50.000	0	1	0	1	0	505	-3720
201	GBP	PADGETT, GAIL  							2003-08-10 11:31:57.427	2011-02-10 10:48:18.000	0	1	0	1	0	1	455
202	GCV	VIDELA, GABRIEL C.							2003-08-10 11:31:57.427		1	1	0	1	0	904	-18008
203	GDB	BURKHOLDER, GARY D.							2003-08-10 11:31:57.427		1	1	0	1	0	419	-3195
366	GDM	MALPHRUS, GARRY D.							2005-02-25 08:25:16.000	2020-02-20 11:09:14.590	1	1	0	1	0	1	498
204	GDV	VILLAGELIU, GUSTAVO D.							2003-08-10 11:31:57.427		0	1	0	1	0	-1894	-2850
537	GEE	Endelman, Gary E.							2015-06-11 12:56:24.000	2015-06-11 12:56:24.000	1	1	0	1	0	-2346	862
636	GET	TREGERMAN, GWENDYLAN E.							2017-03-02 16:18:15.000	2017-03-02 16:18:15.000	1	1	0	1	0	902	-3234
923	GGG	GRANDE, GUY G.							2019-09-03 13:55:10.493	2019-09-03 13:55:10.493	1	1	0	1	0	1	1
777	GJW	WARD, GEORGE JAMES, JR.							2018-07-11 13:18:39.000	2018-07-11 13:18:39.000	1	1	0	1	0	-5562	-6146
357	GLB	BOWER, GLEN L.							2004-12-02 16:34:19.000	2011-02-10 10:50:27.000	0	1	0	1	0	1	443
435	GMP	PICOS, GEORGINA M.							2009-04-08 18:12:58.000	2016-06-06 15:54:28.000	1	1	0	1	0	-451	906
205	GMR	RAST, G. M.							2003-08-10 11:31:57.427	2011-02-10 10:48:00.000	0	1	0	1	0	339	436
974	GMT	TERRAZAS, GILDA M							2019-12-06 11:46:22.150	2019-12-06 11:46:22.150	1	1	0	1	0	1	1
206	GNB	BOONE, GAYLYN N.							2003-08-10 11:31:57.427	2011-02-10 10:49:04.000	0	1	0	1	0	1	1
358	GPK	KATSIVALIS, GEORGE P.							2004-12-06 14:36:03.000	2011-02-10 10:49:28.000	0	1	0	1	0	1	452
207	GPM	MCPHAUL, GLENN P.							2003-08-10 11:31:57.427		1	1	0	1	0	422	-5242
519	GRB	BAKER, GLEN R.							2014-10-30 16:21:58.000	2014-10-30 16:21:58.000	1	1	0	1	0	-6177	-13704
497	GRG	GONZALEZ, GUADALUPE R.							2010-11-30 16:41:43.000	2010-11-30 16:41:43.000	1	1	0	1	0	-640	-72397
1050	GRH	HINES JR, GLEN RAY.							2020-08-19 08:58:47.917	2020-08-19 08:58:47.917	1	1	0	1	0	1	1
364	GS	SMITH, GARY W.							2005-02-25 08:22:36.000	2005-02-25 08:22:36.000	1	1	0	1	0	27	-2247
939	GSS	SIMMONS, GREGORY L.							2019-09-17 11:45:38.530	2019-09-17 11:45:38.530	1	1	0	1	0	1	1
208	GTC	CHEW, GEORGE T.							2003-08-10 11:31:57.427		1	1	0	1	0	-1259	-19290
209	GTG	GEMBACZ, GILBERT T.							2003-08-10 11:31:57.427	2011-02-10 10:50:08.000	0	1	0	1	0	1	445
415	GUC	GUILLOTY, CRIMILDA 							2008-08-06 10:12:12.000	2008-08-06 10:12:12.000	1	1	0	1	0	-4413	-9826
322	GWP	PROCTOR, GEORGE W.							2003-03-28 08:40:27.060		1	1	0	1	0	-3256	-14455
602	GWR	RIGGS, GEORGE W.							2016-08-18 14:19:46.000	2016-08-18 14:19:46.000	1	1	0	1	0	468	894
210	GWS	SACKS, GORDON W.							2003-08-10 11:31:57.427		0	1	0	1	0	1	474
211	GZM	MEYERSON, GREGORY Z.							2003-08-10 11:31:57.427	2013-02-13 15:02:41.000	0	1	0	1	0	1	477
538	HAR	Harris, Monique  							2015-06-11 13:02:59.000	2015-06-11 13:02:59.000	1	1	0	1	0	907	475
212	HBM	MARPLE, HARRIET B.							2003-08-10 11:31:57.427		0	1	0	1	0	1	1
905	HDA	D'ANDREA, HOLLY A.							2019-04-29 14:38:02.513	2019-04-29 14:38:02.513	1	1	0	1	0	1	1
213	HEA	ACHTSAM, HOWARD E.							2003-08-10 11:31:57.427		1	1	0	1	0	898	906
1083	HEW	WINDROW, HAYDEN E.							2020-11-23 10:20:54.450	2020-11-25 19:34:05.520	1	1	0	1	0	1	1
214	HGW	WATKINS, HENRY G.							2003-08-10 11:31:57.427	2012-04-11 08:13:30.000	1	1	0	1	0	509	500
755	HH	HOM, HOWARD C.							2018-06-22 09:51:12.000	2018-06-22 09:51:12.000	1	1	0	1	0	-4835	908
992	HHM	MULLANE, HUGH							2020-02-21 09:18:50.433	2020-02-21 09:18:50.433	1	1	0	1	0	1	1
215	HIC	COHEN, HOWARD I.							2003-08-10 11:31:57.427		0	1	0	1	0	1	482
216	HJA	ARMSTRONG, H. JERE							2003-08-10 11:31:57.427	2011-02-10 10:51:08.000	0	1	0	1	0	1	357
217	HJS	SICHEL, HELEN  							2003-08-10 11:31:57.427		1	1	0	1	0	861	-2211
489	HKM	MART, H. KEVIN							2010-10-28 13:49:23.000	2010-10-28 13:49:23.000	1	1	0	1	0	-8498	-22898
218	HLG	GASTLEY, HARRY L.							2003-08-10 11:31:57.427		1	1	0	1	0	-1661	-3907
219	HLK	KING JR., H. LLOYD							2003-08-10 11:31:57.427		0	1	0	1	0	-1894	-2844
220	HO	HO, ANNA  							2003-08-10 11:31:57.427		1	1	0	1	0	-1331	-20189
221	HPI	IPEMA, HENRY P.							2003-08-10 11:31:57.427		1	1	0	1	0	268	-9589
389	HR	ROSE, HOWARD  							2006-08-24 16:42:28.000	2006-08-24 16:42:28.000	1	1	0	1	0	-201	-2627
832	HRG	MARTINEZ, HUGO R.							2018-09-27 12:13:17.000	2018-09-27 12:13:17.000	1	1	0	1	0	-9050	-70879
708	HRP	PERLMAN, HELAINE R.							2017-06-22 10:25:55.000	2017-06-22 10:27:04.000	1	1	0	1	0	-3654	-2528
222	HSD	DOGIN, HENRY S.							2003-08-10 11:31:57.427	2011-02-10 10:51:24.000	0	1	0	1	0	1	488
223	HVW	WINKLE, HOWARD VAN							2003-08-10 11:31:57.427	2011-02-10 10:51:45.000	0	1	0	1	0	1	444
810	HYC	CHON, HYE Y.							2018-08-31 12:05:47.000	2018-08-31 12:05:47.000	1	1	0	1	0	-1413	908
763	IAD	IAD Judge							2018-07-01 13:56:30.530	2021-01-23 09:19:06.540	1	1	0	1	0	999	399
224	IBB	BRONZINA, ISABEL  							2003-08-10 11:31:57.427		1	1	0	1	0	-1225	-6974
614	ICD	DEISS, ILA C.							2016-12-20 10:01:24.000	2016-12-20 10:01:24.000	1	1	0	1	0	901	423
414	ICF	FELDMAN, IRENE C.							2008-08-05 11:02:01.000	2008-08-05 11:02:01.000	1	1	0	1	0	-279	-12135
225	IEB	BANK, IRA  							2003-08-10 11:31:57.427		1	1	0	1	0	-1223	-6960
607	IEG	GARDZELEWSKI, IVAN E.							2016-09-06 09:39:00.000	2016-09-06 09:39:00.000	1	1	0	1	0	-562	675
226	IJ1	TRAINING IJ FOR MIAMI							2003-08-10 11:31:57.427	2020-12-05 14:26:23.550	1	1	0	1	0	1	1
227	IJ2	INCOMING JUDGE 2							2003-08-10 11:31:57.427	2018-04-11 13:23:05.000	0	1	0	1	0	-1222	-6952
228	IJ3	TRAINING IJ FOR MIAMI							2003-08-10 11:31:57.427		0	1	0	1	0	1	1
229	IJ6	NEW IJ #6							2003-08-10 11:31:57.427		0	1	0	1	0	-239	-5290
230	IJ7	NEW IJ #7							2003-08-10 11:31:57.427		0	1	0	1	0	1	1
231	IJ8	NEW IJ #8							2003-08-10 11:31:57.427		0	1	0	1	0	1	1
232	IJ9	NEW IJ #9							2003-08-10 11:31:57.427		0	1	0	1	0	1	1
233	IKH	HRYCENKO, INGRID K.							2003-08-10 11:31:57.427	2011-02-10 10:52:08.000	0	1	0	1	0	1	350
234	ILD	DEFILLO, IRMA LOPEZ							2003-08-10 11:31:57.427		1	1	0	1	0	-4767	-8126
929	IMY	MIDGLEY, IAN D.							2019-09-09 11:56:03.553	2019-09-09 11:56:03.553	1	1	0	1	0	1	1
235	IPF	FERNANDEZ, IGNACIO P.							2003-08-10 11:31:57.427		1	1	0	1	0	384	-10381
935	IRO	RECIO, IRENE M.							2019-09-12 08:39:35.777	2019-09-12 08:39:35.777	1	1	0	1	0	1	1
605	IRS	SIMONS, IAN R.							2016-08-26 16:35:35.000	2016-08-26 16:35:35.000	1	1	0	1	0	-22	900
236	IS	SANDRON, IRA  							2003-08-10 11:31:57.427		0	1	0	1	0	-1894	-2847
720	ISS	SHUGALL, ILYCE  							2017-09-19 11:14:54.000	2017-09-19 11:14:54.000	1	1	0	1	0	903	809
237	IW	WEISS, IRENE  							2003-08-10 11:31:57.427	2011-02-10 10:52:33.000	0	1	0	1	0	1	476
238	J10	NEW IJ #10							2003-08-10 11:31:57.427		0	1	0	1	0	1	1
239	J11	NEW IJ #11							2003-08-10 11:31:57.427		0	1	0	1	0	1	1
240	J12	NEW IJ #12							2003-08-10 11:31:57.427		0	1	0	1	0	1	1
241	J13	NEW IJ #13							2003-08-10 11:31:57.427		0	1	0	1	0	1	1
387	J8B	BALASQUIDE, JAVIER E.							2006-07-07 12:27:48.000	2006-07-07 12:27:48.000	0	1	0	1	0	1	1
659	JA1	ADAMS, JUSTIN  							2017-03-22 11:44:17.000	2017-03-22 11:44:17.000	1	1	0	1	0	-546	-1322
437	JAB	BAKKE, JOYCE A.							2009-10-08 10:09:59.000	2009-11-18 10:47:03.000	0	1	0	1	0	1	427
242	JAD	DUCK, JOHN A., JR.							2003-08-10 11:31:57.427		1	1	0	1	0	-2032	-25981
938	JAL	LUSKIN, JOSHUA D.							2019-09-17 09:24:52.930	2019-09-17 09:24:52.930	1	1	0	1	0	1	1
835	JAM	MAY, JENNIFER A.							2018-09-27 12:40:29.000	2018-09-27 12:40:29.000	1	1	0	1	0	-9122	-71407
809	JAN	ALLEN, JANETTE L.							2018-08-31 12:02:37.000	2018-08-31 12:02:37.000	1	1	0	1	0	-1555	885
326	JAS	SALTER, JOHN W.							2003-04-07 13:38:37.653	2011-02-10 10:55:44.000	0	1	0	1	0	1	1
243	JB	BUKSZPAN, JOANNA M.							2003-08-10 11:31:57.427		1	1	0	1	0	-5702	-19301
464	JBC	CHRISTENSEN, JESSE B.							2010-09-17 17:35:37.000	2010-09-17 17:35:37.000	1	1	0	1	0	866	858
906	JBE	BASHORE, JACOB D.							2019-04-29 14:43:21.990	2019-04-29 14:43:21.990	1	1	0	1	0	-239	-1104
541	JBL	LA ROCCA, JOSEPH B.							2015-06-15 14:28:37.000	2015-06-15 14:28:37.000	1	1	0	1	0	-231	904
1065	JBN	BROWN, JEFFERSON 							2020-09-15 16:48:03.297	2020-09-15 16:48:03.297	1	1	0	1	0	1	1
244	JBR	REID, JOHN B.							2003-08-10 11:31:57.427		1	1	0	1	0	30	-2239
484	JBS	BEATMANN, JERRY A., Sr.							2010-10-22 10:20:45.000	2010-10-22 10:20:45.000	1	1	0	1	0	27	-3615
1121	JBT	TERRIEN, JEB							2021-03-25 10:52:37.887	2021-03-25 10:52:37.887	1	1	0	1	0	1	1
442	JBV	VARZANDEH, JOYCE BAKKE							2009-11-18 10:47:16.000	2009-11-18 10:47:16.000	1	1	0	1	0	-1243	596
578	JCA	CARLE, JOHN B.							2016-06-02 08:38:59.000	2016-06-02 08:38:59.000	1	1	0	1	0	898	369
1066	JCB	BARNES, JOHN C.							2020-09-28 13:22:58.270	2020-11-04 10:23:47.673	1	1	0	1	0	1	1
947	JCG	CHUNG, JENNIFER  							2019-10-23 17:05:07.257	2019-10-23 17:05:07.257	1	1	0	1	0	1	1
946	JCK	KING, JEAN C.							2019-10-09 12:36:30.903	2019-10-09 12:36:30.903	1	1	0	1	0	1	1
449	JCL	CLEMENTE, JESUS  							2010-03-24 12:31:40.000	2010-03-24 12:31:40.000	1	1	0	1	0	-5412	905
515	JCO	ODELL, JOHN C.							2013-04-17 13:40:07.000	2013-04-17 13:40:07.000	1	1	0	1	0	1	509
965	JCR	CROFTS, JAMES							2019-11-21 08:29:35.833	2019-11-21 08:34:18.020	1	1	0	1	0	1	1
623	JCS	SPONZO, JEM C.							2017-01-09 12:00:30.000	2017-01-11 10:01:37.000	1	1	0	1	0	876	845
245	JCW	WILLIAMS, JOHN C.							2003-08-10 11:31:57.427	2011-03-16 09:04:54.000	1	1	0	1	0	513	509
246	JD	DIERKES, JOSEPH  							2003-08-10 11:31:57.427	2019-05-01 10:29:01.370	1	1	0	1	0	-255	-744
736	JD1	DESAI, JANKHANA  							2017-11-07 11:49:20.000	2017-11-07 11:49:20.000	1	1	0	1	0	-1756	732
247	JDC	CARTE', JOHN D.							2003-08-10 11:31:57.427	2010-06-21 09:57:55.000	1	1	0	1	0	388	-5230
248	JDD	DOWELL, J. DANIEL							2003-08-10 11:31:57.427		1	1	0	1	0	-2522	-2529
942	JDF	FERGUSON, JASON D.							2019-09-23 13:26:12.523	2019-09-23 13:26:12.523	1	1	0	1	0	1	1
249	JDL	LATIMORE, JAN D.							2003-08-10 11:31:57.427		1	1	0	1	0	-1220	420
250	JDM	MILLER, JOE D.							2003-08-10 11:31:57.427	2011-02-10 10:54:46.000	0	1	0	1	0	1	456
1059	JDO	OSBORN, JOSHUA D.							2020-09-10 11:43:52.953	2021-02-22 17:33:52.640	1	1	0	1	0	1	1
390	JDP	PELLETIER, J. DAN							2006-09-12 15:05:28.000	2011-05-02 13:39:53.000	1	1	0	1	0	48	-14749
870	JDR	DIAZ-REX, JULIA  							2018-12-19 18:31:38.350	2019-04-04 14:09:48.233	1	1	0	1	0	-635	841
1133	JDS	SCHWAB, JODIE							2021-06-16 12:44:01.957	2021-06-24 10:43:50.933	1	1	0	1	0	1	1
251	JDT	TAYLOR, JOHN D.							2003-08-10 11:31:57.427	2011-02-10 10:55:22.000	0	1	0	1	0	1	468
403	JDV	DEVITTO, JAMES  							2008-03-06 17:25:49.000	2008-03-06 17:25:49.000	1	1	0	1	0	-32	905
388	JEB	BALASQUIDE, JAVIER E.							2006-08-15 15:43:03.000	2006-08-15 15:43:03.000	1	1	0	1	0	894	-1510
925	JEP	PEREIRA, JORGE L.							2019-09-04 16:08:31.710	2019-09-04 16:08:31.710	1	1	0	1	0	1	1
884	JER	ROTHSCHILD, JEROME M., JR.							2019-02-27 09:48:01.530	2019-02-27 09:48:01.530	1	1	0	1	0	1	1
986	JFB	BONILLA, JUDITH F.							2020-02-20 15:26:39.033	2020-02-20 19:22:43.440	1	1	0	1	0	1	1
252	JFG	GOSSART, JOHN F., JR.							2003-08-10 11:31:57.427		1	1	0	1	0	347	-3881
903	JFM	McCarthy, James F., III							2019-04-15 14:25:31.113	2019-04-15 14:31:55.980	1	1	0	1	0	-27	-335
253	JFW	WALSH, JOHN F.							2003-08-10 11:31:57.427		1	1	0	1	0	-691	-5072
425	JG	GRIM, JAMES K.							2009-03-27 16:06:22.000	2011-02-24 15:03:17.000	1	1	0	1	0	866	-7384
745	JG1	GILLIES, JOHN M.							2018-01-25 16:07:36.000	2018-01-25 16:07:36.000	1	1	0	1	0	-118	896
576	JGC	CREWS, JOHN G., II							2016-06-01 11:18:54.000	2016-06-01 11:18:54.000	1	1	0	1	0	-2414	328
1030	JH1	HITESMAN JONATHAN W.							2020-06-09 14:13:37.647	2020-06-09 14:13:37.647	1	1	0	1	0	1	1
1080	JHB	BURNS, JOHN							2020-11-19 16:20:54.167	2020-11-19 16:20:54.167	1	1	0	1	0	1	1
254	JHD	DUFRESNE, JILL H.							2003-08-10 11:31:57.427		1	1	0	1	0	99	-5995
1026	JHS	SCOTT JOSEPH C.							2020-06-08 10:17:41.917	2020-06-08 10:17:41.917	1	1	0	1	0	1	1
255	JHW	WEIL, JACK H.							2003-08-10 11:31:57.427		1	1	0	1	0	87	-3081
691	JIG	GAZ, JENNIFER I.							2017-04-14 14:40:13.000	2017-04-14 14:40:13.000	1	1	0	1	0	0	752
594	JIP	PEYTON, JENNIFER I.							2016-08-10 09:49:44.000	2016-08-10 09:49:44.000	1	1	0	1	0	837	-481
399	JJB	BERNSTEIN, JEFFREY J.							2007-12-21 09:47:46.000	2009-12-23 14:14:30.000	0	1	0	1	0	1	426
750	JJJ	JACKSON, JACQUELINE J.							2018-03-30 11:32:27.000	2018-03-30 11:32:27.000	1	1	0	1	0	-1217	870
256	JJM	MC CARRICK, JOHN J.							2003-08-10 11:31:57.427		0	1	0	1	0	1	359
815	JJO	JASSO, JAIME  							2018-08-31 13:57:18.000	2018-08-31 13:57:18.000	1	1	0	1	0	-300	408
257	JKS	SPEER, JOHN K.							2003-08-10 11:31:57.427		0	1	0	1	0	1	505
419	JLA	ANDERSON, JACK L.							2008-10-26 14:21:42.000	2008-12-19 10:12:11.000	1	1	0	1	0	888	543
258	JLB	BENTON, JIMMIE LEE							2003-08-10 11:31:57.427		1	1	0	1	0	59	-1565
259	JLG	GIAMBASTIANI, JENNIE L.							2003-08-10 11:31:57.427		1	1	0	1	0	84	355
855	JLM	MENKIN, JEFFREY L.							2018-11-21 13:32:09.603	2018-11-21 13:32:09.603	1	1	0	1	0	-2238	-5937
616	JLN	NELSON, JULIE L.							2016-12-28 10:24:56.000	2017-06-12 14:35:25.000	1	1	0	1	0	-1217	-5418
476	JLP	LOPREST, F. JAMES, JR.							2010-10-14 16:00:45.000	2010-10-14 16:00:45.000	1	1	0	1	0	-3228	839
260	JLR	ROMIG, JEFFREY L.							2003-08-10 11:31:57.427	2020-03-20 18:36:43.427	1	1	0	1	0	755	901
261	JMB	BRYANT, JOHN MILO							2003-08-10 11:31:57.427		1	1	0	1	0	-3137	-8254
1048	JME	MCKEE, JAMES							2020-07-15 12:31:03.227	2020-07-15 12:31:03.227	1	1	0	1	0	1	1
900	JMF	FURLONG, JOHN M., JR.							2019-04-15 08:14:28.260	2019-04-15 08:57:11.047	1	1	0	1	0	-242	-505
550	JMG	GORLAND, JENNIFER M.							2016-01-11 12:58:19.000	2016-01-11 12:58:19.000	1	1	0	1	0	-861	706
1049	JMJ	MILLER, Jr. JAMES J.							2020-08-17 11:03:07.003	2020-10-14 10:20:02.933	1	1	0	1	0	1	1
571	JML	LEFT, JAMES M.							2016-05-04 13:17:47.000	2016-05-04 13:17:47.000	1	1	0	1	0	1	580
706	JMM	MCCARTHY, JAMES M.							2017-05-18 09:34:57.000	2017-05-18 12:39:50.000	1	1	0	1	0	882	864
871	JMN	MERRIMAN, JOY A.							2018-12-20 19:23:23.067	2018-12-20 19:23:23.067	1	1	0	1	0	-183	-572
888	JMP	PRICE, JUSTIN M.							2019-03-20 14:13:06.507	2019-03-20 14:13:38.570	1	1	0	1	0	900	709
262	JMR	RAGUSA, JOSEPH M.							2003-08-10 11:31:57.427	2011-02-10 10:56:49.000	0	1	0	1	0	1	1
263	JMS	SELLERS, JESSE M.							2003-08-10 11:31:57.427		0	1	0	1	0	1	1
365	JN	NUGENT, JAMES A.							2005-02-25 08:24:12.000	2005-02-25 08:24:12.000	1	1	0	1	0	-2226	-22831
1034	JNB	BARNES, JOHN							2020-06-16 11:29:10.057	2020-11-04 10:20:39.080	0	1	0	1	0	1	1
817	JNC	CASTANEDA, JULIAN  							2018-09-04 12:32:15.000	2018-09-04 12:32:15.000	1	1	0	1	0	0	0
1130	JND	DINSDALE, JUSTIN							2021-06-16 09:46:27.447	2021-06-16 09:46:27.447	1	1	0	1	0	1	1
1074	JNH	HENDERSON, JOHN							2020-11-09 10:15:53.470	2020-11-09 10:15:53.470	1	1	0	1	0	1	1
1018	JNM	MCPHAIL, JOHN							2020-05-13 11:42:03.260	2020-05-13 15:37:58.383	1	1	0	1	0	1	1
781	JNO	OWENS, JONATHAN W.							2018-07-18 10:36:00.000	2018-07-18 10:36:00.000	1	1	0	1	0	905	598
898	JNP	POPE, JASON L.							2019-04-12 12:25:59.407	2019-04-12 12:25:59.407	1	1	0	1	0	1	1
949	JNS	SIEMIETKOWSKI, JOHN							2019-11-13 09:14:29.213	2019-11-13 09:14:29.213	1	1	0	1	0	1	1
264	JO	OPACIUCH, JOHN  							2003-08-10 11:31:57.427		1	1	0	1	0	-1940	-8069
860	JOC	CORTES, JOHN W.							2018-12-07 10:43:28.827	2018-12-07 10:43:28.827	1	1	0	1	0	776	-713
525	JP1	PALOMINO, JACINTO  							2015-05-11 14:27:25.000	2015-05-11 14:27:25.000	1	1	0	1	0	-1986	-16734
574	JPE	ELLINGTON, JOHN P.							2016-05-18 16:14:06.000	2016-05-18 16:14:06.000	1	1	0	1	0	1	601
689	JPJ	PENALOSA, JOSE L., JR.							2017-04-14 14:36:16.000	2017-04-14 14:36:16.000	1	1	0	1	0	-1894	-2882
583	JPK	PARK, JEANNETTE LIM							2016-06-03 10:00:30.000	2016-06-03 10:00:30.000	1	1	0	1	0	-2563	-822
697	JPL	PAGE-LOZANO, JENNIFER LEIGH							2017-04-27 14:41:41.000	2017-04-27 14:41:41.000	1	1	0	1	0	896	865
265	JPR	REYNOLDS, JAMES P.							2003-08-10 11:31:57.427		0	1	0	1	0	1	1
266	JPV	VANDELLO, J. P.							2003-08-10 11:31:57.427		1	1	0	1	0	1	498
267	JR	RUSSELBURG, JOSEPH  							2003-08-10 11:31:57.427	2011-02-10 10:57:15.000	0	1	0	1	0	1	1
981	JRA	RIVERA, JOSE							2020-02-20 15:00:33.547	2020-02-20 15:00:33.547	1	1	0	1	0	1	1
822	JRD	DOOLITTLE, JOHN R., II							2018-09-11 16:01:27.000	2018-09-11 16:01:27.000	1	1	0	1	0	-3225	-12723
268	JRF	FUJIMOTO, JAMES R.							2003-08-10 11:31:57.427		1	1	0	1	0	-339	227
899	JRM	MULCAHY, JENNIFER A							2019-04-15 08:08:04.497	2019-04-15 08:08:04.497	1	1	0	1	0	-242	-505
818	JRN	NANCE, JEFFERY R.							2018-09-04 15:31:07.000	2018-09-04 15:31:07.000	1	1	0	1	0	1	1
422	JRO	O'MALLEY, JOHN R.							2009-01-12 10:10:59.000	2009-01-15 15:21:52.000	1	1	0	1	0	-1	150
1068	JRS	MASTERSON, JASON R.							2020-10-05 16:55:46.940	2021-01-11 16:29:34.297	1	1	0	1	0	1	1
891	JRW	RIEDTHALER-WILLIAMS, JENNIFER M.							2019-04-08 17:30:11.407	2019-04-08 17:30:11.407	1	1	0	1	0	894	733
269	JS	SEGAL, JAY  							2003-08-10 11:31:57.427	2011-02-10 10:52:53.000	0	1	0	1	0	1	1
716	JS1	SANCHEZ, JOSE A.							2017-07-24 12:17:54.000	2017-07-24 12:17:54.000	1	1	0	1	0	-656	543
972	JSA	SANTORO, JEREMY							2019-12-03 11:47:40.157	2019-12-03 11:47:40.157	1	1	0	1	0	1	1
270	JSC	CHASE, JEFFREY S.							2003-08-10 11:31:57.427	2011-02-10 10:53:20.000	0	1	0	1	0	-4898	-10614
919	JSI	IMBURGIA, JOSEPH S.							2019-08-28 09:00:52.230	2019-08-28 09:00:52.230	1	1	0	1	0	1	1
579	JSL	SALINARDI, JAYME  							2016-06-02 14:26:37.000	2016-06-02 14:26:37.000	1	1	0	1	0	-242	-1195
813	JSM	MILLER, JEFFREY S.							2018-08-31 12:14:31.000	2018-08-31 12:14:31.000	1	1	0	1	0	-1472	-1607
1029	JSO	SILVIO JOSEPH							2020-06-09 11:46:06.973	2020-06-09 11:46:06.973	1	1	0	1	0	1	1
271	JSS	SIMONET, JOSE S.							2003-08-10 11:31:57.427		0	1	0	1	0	-1894	-2832
513	JTH	HONG, J. TRACI							2013-04-05 15:14:25.000	2013-04-05 15:14:25.000	1	1	0	1	0	-4951	647
834	JTL	LEONARD, JOSEPH T.							2018-09-27 12:15:16.000	2018-09-27 12:15:16.000	1	1	0	1	0	-9121	-15214
272	JTZ	ZASTROW, JOHN T.							2003-08-10 11:31:57.427		0	1	0	1	0	1	440
273	JV	VAIL, JOSEPH  							2003-08-10 11:31:57.427		0	1	0	1	0	1	1
274	JVC	CHURCHILL, JOAN V.							2003-08-10 11:31:57.427	2011-02-10 10:54:29.000	0	1	0	1	0	1	408
721	JVJ	JOHNSON, JEREMIAH  							2017-09-19 11:16:00.000	2017-09-19 11:16:00.000	1	1	0	1	0	885	553
1082	JVM	MUNOZ, JEFFREY V.							2020-11-20 14:20:39.480	2020-11-20 14:20:39.480	1	1	0	1	0	1	1
275	JWD	DAVIS, JOHN W.							2003-08-10 11:31:57.427	2007-10-09 15:49:53.000	1	1	0	1	0	-442	-23891
580	JWH	HOWARD, JUSTIN W.							2016-06-02 14:32:54.000	2016-06-02 14:32:54.000	1	1	0	1	0	-6192	-3863
762	JWO	WATERLOO, JASON R.							2018-06-26 14:21:59.000	2018-06-26 14:21:59.000	1	1	0	1	0	-1860	-483
276	JWR	RICHARDSON, JOHN W.							2003-08-10 11:31:57.427		1	1	0	1	0	413	-3336
277	JWS	STATON, JACK W.							2003-08-10 11:31:57.427	2015-06-24 11:33:46.000	1	1	0	1	0	479	902
1016	JYB	BUTLER, JEREMY J.							2020-05-06 12:07:04.590	2020-05-06 12:07:04.590	1	1	0	1	0	1	1
714	JYP	PARK, JOSEPH Y.							2017-07-24 09:43:29.000	2017-07-31 10:09:21.000	1	1	0	1	0	-1217	-5400
278	JZ	ZLATOW, JEFFREY  							2003-08-10 11:31:57.427	2011-02-10 10:53:38.000	0	1	0	1	0	1	439
279	KAB	BAGLEY, KENNETH A.							2003-08-10 11:31:57.427		1	1	0	1	0	-1260	-7017
453	KAL	ALLRED, KEITH  							2010-04-27 16:30:52.000	2010-04-27 16:30:52.000	1	1	0	1	0	1	488
1119	KAW	WELLS, KENYA							2021-03-25 10:43:15.070	2021-03-29 10:22:05.040	1	1	0	1	0	1	1
883	KBJ	BAUMGARTEN, MARY C.							2019-02-21 14:28:26.353	2019-04-03 14:58:17.903	1	1	0	1	0	-45	-672
854	KBL	LAKE, KELLY B.							2018-11-15 12:50:01.373	2018-11-15 12:50:01.373	1	1	0	1	0	904	526
962	KBR	BROWN, KEVIN							2019-11-20 14:27:03.170	2020-09-01 11:29:00.557	1	1	0	1	0	1	1
402	KC	CHAPMAN, KEVIN  							2008-02-19 13:31:34.000	2008-02-19 13:31:34.000	1	1	0	1	0	903	-1000
608	KC1	CALCADOR, KERRI  							2016-10-11 09:31:39.000	2016-10-11 09:31:39.000	1	1	0	1	0	-6622	754
280	KCW	WILLIAMS, KEITH C.							2003-08-10 11:31:57.427	2011-02-10 10:57:37.000	0	1	0	1	0	1	458
610	KD1	DONOSO-STEVENS, KAREN  							2016-10-24 15:13:51.000	2016-10-24 15:13:51.000	1	1	0	1	0	-3654	-8365
281	KDS	SMITH, KEVIN D.							2003-08-10 11:31:57.427		0	1	0	1	0	1	451
1045	KEM	MAYBERRY, KAREN E.							2020-07-08 17:33:20.153	2020-07-08 17:33:20.153	1	1	0	1	0	1	1
784	KFH	FRENCH, KATHLEEN  							2018-07-23 15:26:32.000	2018-07-23 15:26:32.000	1	1	0	1	0	-173	-631
850	KFL	FOWLER, KELLEY N.							2018-10-29 10:54:25.000	2018-10-29 10:54:25.000	1	1	0	1	0	-9107	-71306
282	KGB	BRADLEY, KEVIN G.							2003-08-10 11:31:57.427		1	1	0	1	0	-4052	-7557
890	KHJ	JOSEPHSON, KENNETH  							2019-04-02 17:29:25.157	2019-04-02 17:29:25.157	1	1	0	1	0	1	-1040
988	KHT	TAYLOR, KHALILAH							2020-02-20 15:39:14.180	2020-02-20 15:39:14.180	1	1	0	1	0	1	1
467	KHU	HUNSUCKER, KEITH E.							2010-10-04 17:29:28.000	2010-10-06 13:02:17.000	1	1	0	1	0	-67	-2145
283	KJ	JOSEPHSON, KENNETH  							2003-08-10 11:31:57.427	2019-07-08 12:08:02.120	0	1	0	1	0	-1185	-2696
841	KJN	JOHNSON, KELLY S.							2018-10-10 11:46:33.000	2018-10-10 11:46:33.000	1	1	0	1	0	-2943	897
570	KLD	DE ANGELIS, KATHRYN L.							2016-05-04 11:02:25.000	2016-08-15 13:27:39.000	1	1	0	1	0	15	-8501
711	KLH	HANSEN, KATHERINE L.							2017-07-20 16:47:15.000	2017-07-20 16:47:15.000	1	1	0	1	0	-454	907
564	KQG	GOLPARVAR, KUYOMARS Q.							2016-03-08 10:00:09.000	2016-03-08 10:00:09.000	1	1	0	1	0	-218	-3008
783	KSA	SALOVAARA, KAARINA  							2018-07-23 15:12:07.000	2018-07-23 15:12:07.000	1	1	0	1	0	872	-2833
284	KSH	HUREWITZ, KENNETH S.							2003-08-10 11:31:57.427		1	1	0	1	0	1	486
1129	KSS	SOGABE, KENNETH							2021-06-15 12:04:17.103	2021-06-15 12:04:17.103	1	1	0	1	0	1	1
285	KW	WARREN, KENDALL  							2003-08-10 11:31:57.427	2011-02-10 10:57:59.000	0	1	0	1	0	1	372
286	KWO	OLMANSON, KRISTIN W.							2003-08-10 11:31:57.427		1	1	0	1	0	515	906
443	KWR	RILEY, KEVIN W.							2009-11-24 07:55:47.000	2009-11-24 07:55:47.000	1	1	0	1	0	-1218	900
859	KYA	AUH, KYUNG S.							2018-12-07 08:17:08.287	2018-12-07 08:17:08.287	1	1	0	1	0	-2874	-7230
983	KYT	THOMPSON, KENLEY							2020-02-20 15:10:27.500	2020-02-20 15:10:27.500	1	1	0	1	0	1	1
351	LAB	BAXTER, LAURA A.							2004-09-14 08:15:16.310	2011-02-10 10:58:29.000	0	1	0	1	0	1	389
492	LAF	FINSTON, LEO A.							2010-11-12 13:47:30.000	2010-11-12 13:47:30.000	1	1	0	1	0	-708	-4060
384	LB7	BASS, LORI R.							2006-05-23 15:59:14.000	2006-05-23 15:59:14.000	1	1	0	1	0	-1309	-15217
950	LCA	CAMPANELLA, LORIANNE							2019-11-13 09:18:19.903	2020-03-20 11:58:05.297	1	1	0	1	0	1	1
796	LCF	FIGUEROA, LAURA C.							2018-08-27 14:59:28.000	2018-08-30 21:28:02.000	1	1	0	1	0	891	909
971	LCH	HSU, LILY C							2019-11-26 08:59:16.810	2020-07-31 16:48:22.253	1	1	0	1	0	1	1
287	LD	DORNELL, LISA  							2003-08-10 11:31:57.427		1	1	0	1	0	454	254
585	LDC	DE CARDONA, LISA							2016-06-14 08:50:26.000	2019-11-07 14:04:02.647	1	1	0	1	0	-4977	-15236
1134	LDT	TAMEZ, LYDIA							2021-06-16 12:49:50.170	2021-06-16 12:49:50.170	1	1	0	1	0	1	1
1109	LEM	LEMKE, KATHY J.							2021-03-11 09:50:59.080	2021-03-11 09:50:59.080	1	1	0	1	0	1	1
921	LES	EHRENS, LISA  							2019-08-28 12:01:26.023	2019-08-28 12:01:26.023	1	1	0	1	0	1	1
798	LFZ	FERNANDEZ, LORELY RAMIREZ							2018-08-27 15:11:08.000	2018-08-27 15:11:08.000	1	1	0	1	0	-115	-8990
756	LGN	GOLOVNIN, LENA  							2018-06-22 09:53:03.000	2018-06-22 09:53:03.000	1	1	0	1	0	878	860
288	LH	HANS, LYNNE  							2003-08-10 11:31:57.427		0	1	0	1	0	1	1
980	LIH	HERMAN, LAKSHMI							2020-02-20 14:56:01.030	2020-02-20 14:56:01.030	1	1	0	1	0	1	1
289	LIS	SHAPIRO, LEONARD I.							2003-08-10 11:31:57.427		1	1	0	1	0	-125	-1482
290	LIV	LIVE JUDGE - BAL							2003-08-10 11:31:57.427		0	1	0	1	0	1	450
812	LJF	FRANCIS, LEON J.							2018-08-31 12:11:08.000	2018-08-31 12:11:08.000	1	1	0	1	0	-1473	685
291	LJM	MUNOZ, LORRAINE J.							2003-08-10 11:31:57.427		1	1	0	1	0	-1223	-15674
881	LL1	LUKOSE, LOLITA M.							2019-02-19 08:12:49.803	2019-02-19 08:12:49.803	1	1	0	1	0	-91	535
836	LLG	LING, LISA W.							2018-09-27 12:52:05.000	2018-09-27 12:52:05.000	1	1	0	1	0	905	846
1128	LLM	MCCLESKEY, LOI L.							2021-06-14 14:45:40.177	2021-06-14 14:45:40.177	1	1	0	1	0	1	1
292	LLR	RAMIREZ, LAURA L.							2003-08-10 11:31:57.427		1	1	0	1	0	863	555
471	LLU	LUIS, LISA							2010-10-08 15:18:28.000	2021-03-08 10:56:17.847	1	1	0	1	0	65	833
432	LME	MARTINEZ-ESQUIVEL, LOURDES  							2009-04-07 15:20:59.000	2009-04-09 11:48:18.000	1	1	0	1	0	899	571
1043	LMM	MULLICAN, LEILA MCNEILL.							2020-07-07 14:30:14.120	2020-07-22 12:15:47.020	1	1	0	1	0	1	1
892	LMN	MATHON, LAUREN  							2019-04-09 13:34:59.997	2019-10-28 13:51:31.867	0	1	0	1	0	0	-41
294	LND	COSTANZO, LAWRENCE DI							2003-08-10 11:31:57.427		1	1	0	1	0	481	565
295	LOB	BURMAN, LAWRENCE O.							2003-08-10 11:31:57.427		1	1	0	1	0	893	457
455	LOC	O'CONNOR, LEE  							2010-07-22 10:22:20.000	2010-07-22 10:22:20.000	1	1	0	1	0	-1330	909
934	LPO	PIERRO, LAURA N.							2019-09-11 13:08:04.607	2019-09-11 13:08:04.607	1	1	0	1	0	1	1
296	LRB	BURMAN, LAWRENCE R.							2003-08-10 11:31:57.427		0	1	0	1	0	1	1
297	LRD	DEAN, LARRY R.							2003-08-10 11:31:57.427		1	1	0	1	0	-305	-17903
406	LRJ	DE JONGH, LOURDES RODRIGUEZ							2008-03-10 14:39:45.000	2008-03-10 14:39:45.000	1	1	0	1	0	907	350
298	LRM	MATHON, LAUREN R.							2003-08-10 11:31:57.427	2019-08-09 22:12:51.947	1	1	0	1	0	1	362
839	LRS	ROBERTS, LINDSY M.							2018-10-09 14:30:44.000	2019-02-25 12:04:20.947	1	1	0	1	0	883	579
299	LRY	YANEZ, LINDA R.							2003-08-10 11:31:57.427		0	1	0	1	0	1	1
300	LSF	FREERKS, LAMONTE S.							2003-08-10 11:31:57.427	2009-03-20 13:59:15.000	1	1	0	1	0	489	907
353	LSG	GEISSE, LORETO  							2004-09-14 08:15:16.310		1	1	0	1	0	909	713
901	LSJ	JALELIAN, LINCOLN S.							2019-04-15 08:23:48.230	2019-04-15 08:23:48.230	1	1	0	1	0	-242	617
1041	LSM	MALDONADO, LUIS							2020-07-01 11:40:16.810	2020-07-01 11:40:16.810	1	1	0	1	0	1	1
404	LSW	SPENCER-WALTERS, LINDA I.							2008-03-06 17:27:20.000	2008-03-06 17:27:20.000	1	1	0	1	0	-9	903
301	LTB	TORREH-BAYOUTH, LILLIANA  							2003-08-10 11:31:57.427		1	1	0	1	0	896	846
639	LTF	FARBER, LAUREN T.							2017-03-03 10:01:03.000	2018-11-09 11:36:18.080	1	1	0	1	0	-2733	-6012
747	LV1	LOUISVILLE VISITING JUDGE 1							2018-03-27 12:56:40.000	2018-03-27 12:56:40.000	1	1	0	1	0	-13	46
748	LV2	LOUISVILLE VISITING JUDGE 2							2018-03-27 12:57:05.000	2018-03-27 12:57:05.000	1	1	0	1	0	-13	38
837	LV3	LOUISVILLE VISITING JUDGE 3							2018-09-27 15:44:55.000	2018-09-27 15:44:55.000	1	1	0	1	0	-13	36
964	LWA	WANG, LYNN							2019-11-21 08:24:44.280	2020-01-08 10:26:22.910	1	1	0	1	0	1	1
787	MAC	CARR, M. AUDREY							2018-08-08 10:40:28.000	2020-12-28 16:21:50.540	1	1	0	1	0	-255	888
302	MAK	KILROY, MICHAEL A.							2003-08-10 11:31:57.427	2011-02-10 10:59:15.000	0	1	0	1	0	1	1
303	MAL	LEVINSKY, MITCHELL A.							2003-08-10 11:31:57.427	2011-02-10 11:00:35.000	0	1	0	1	0	1	459
304	MAT	ADRIAN, MATTHEW T.							2003-08-10 11:31:57.427		0	1	0	1	0	1	1
1081	MAU	UBARRI, MARIA							2020-11-20 09:49:22.847	2020-11-20 09:49:22.847	1	1	0	1	0	1	1
305	MB	BURKHART, MARGARET D.							2003-08-10 11:31:57.427		1	1	0	1	0	392	749
752	MB2	BJORNERUD, MARIA  							2018-04-24 15:32:39.000	2018-04-24 15:32:39.000	1	1	0	1	0	1	-667
1116	MBH	HERNDON, MEGAN B.							2021-03-25 10:12:31.303	2021-03-25 10:12:31.303	1	1	0	1	0	1	1
920	MBK	KARLEN, MELISSA BETH							2019-08-28 09:04:05.597	2019-08-28 09:04:05.597	1	1	0	1	0	1	1
552	MBT	TYRAKOSKI, MEREDITH B.							2016-02-01 13:53:07.000	2016-02-01 13:53:07.000	1	1	0	1	0	-94	468
337	MC1	MASTER CALENDAR 1							2003-08-07 11:21:06.537		1	1	0	1	0	1	727
338	MC2	MASTER CALENDAR 2							2003-08-07 11:21:06.537		1	1	0	1	0	1	1
339	MC3	MASTER CALENDAR 3							2003-08-07 11:21:06.537		1	1	0	1	0	1	1
909	MCA	ARANETA, MICHELLE  							2019-06-26 21:40:36.060	2019-06-26 21:40:36.060	1	1	0	1	0	891	908
914	MCD	MCDERMOTT, ANN M.							2019-08-23 21:48:03.910	2019-08-23 21:48:03.910	1	1	0	1	0	1	1
306	MCG	GRANT, M. CHRISTOPHER							2003-08-10 11:31:57.427	2008-01-09 12:37:57.000	0	1	0	1	0	-1895	-4892
307	MCH	HORN, MICHAEL C.							2003-08-10 11:31:57.427		1	1	0	1	0	-3754	68
308	MCK	KING, METCALFE C.							2003-08-10 11:31:57.427		0	1	0	1	0	1	1
897	MCL	LEE, MARY C.							2019-04-11 15:49:01.390	2019-04-11 15:49:01.390	1	1	0	1	0	896	-1724
309	MCM	MC GOINGS, MICHAEL C.							2003-08-10 11:31:57.427		1	1	0	1	0	486	-298
894	MEA	ARANETA, MICHELLE  							2019-04-10 12:25:19.490	2019-06-26 22:02:52.463	0	1	0	1	0	807	557
628	MEF	MONSKY, MEGAN FOOTE							2017-01-24 12:55:57.000	2017-04-18 11:08:40.000	1	1	0	1	0	-4311	-18873
862	MEH	HORTON, MONTE J.							2018-12-11 08:29:52.900	2019-04-01 11:08:02.067	1	1	0	1	0	727	-7868
656	MEM	MORRISSEY, MATTHEW E.							2017-03-17 10:32:44.000	2017-03-17 10:32:44.000	1	1	0	1	0	-26	-182
710	MEN	NAVARRO, MARIA E.							2017-07-12 11:52:55.000	2017-07-12 11:52:55.000	1	1	0	1	0	863	-471
310	MEP	PRUD'HOMME, M. EDWIN							2003-08-10 11:31:57.427		0	1	0	1	0	0	-1308
848	MES	EVANS, MARK S.							2018-10-25 16:27:16.000	2018-10-25 16:27:16.000	1	1	0	1	0	-892	-3215
311	MFH	HANSON, MAHLON F.							2003-08-10 11:31:57.427	2010-09-22 10:07:48.000	0	1	0	1	0	1	413
312	MFR	RAHILL, MICHAEL F.							2003-08-10 11:31:57.427	2011-02-10 10:59:34.000	0	1	0	1	0	1	408
313	MFS	SPIEGEL, MARTIN F.							2003-08-10 11:31:57.427		0	1	0	1	0	1	1
718	MG1	GEMOETS, MARCOS  							2017-08-20 09:19:10.000	2017-08-20 09:19:10.000	1	1	0	1	0	-451	894
963	MGC	CORDERO GONZALEZ, MIGUEL A.							2019-11-20 15:41:48.913	2020-08-26 15:55:04.463	1	1	0	1	0	1	1
548	MGK	KOLBE, MARGARET  							2015-12-17 13:28:02.000	2016-10-25 15:08:24.000	1	1	0	1	0	894	894
502	MGM	GARCIA, MADELINE  							2011-05-13 17:05:01.000	2011-05-13 17:05:01.000	1	1	0	1	0	884	842
811	MGO	GUERRERO, MARNI  							2018-08-31 12:08:34.000	2018-08-31 12:08:34.000	1	1	0	1	0	-1413	714
314	MH	HAYWARD, MIRIAM  							2003-08-10 11:31:57.427		1	1	0	1	0	862	837
315	MHB	BENNETT, MICHAEL H.							2003-08-10 11:31:57.427		1	1	0	1	0	509	449
379	MHM	METCALF, MARK H.							2006-01-12 15:01:51.000	2011-02-10 10:58:51.000	0	1	0	1	0	1	440
742	MIN	HOEPPNER, MINDY E.							2018-01-08 14:39:28.000	2018-01-08 14:39:28.000	1	1	0	1	0	-14	909
560	MIO	ONYEWUCHI, MORRIS I.							2016-02-26 11:18:32.000	2016-02-26 11:18:32.000	1	1	0	1	0	-451	902
316	MJC	CREPPY, MICHAEL J.							2003-08-10 11:31:57.427	2020-02-20 11:01:31.637	1	1	0	1	0	1	390
340	MJD	D'ANGELO, MATTHEW J.							2003-08-07 11:21:06.537		1	1	0	1	0	-195	-1219
858	MJG	GARCIA, MELISSA JOY							2018-12-04 13:51:53.733	2020-04-01 08:34:04.297	1	1	0	1	0	-31	903
551	MJJ	JEBSON, MARK J.							2016-01-11 13:00:48.000	2016-01-11 13:00:48.000	1	1	0	1	0	-1117	-7748
601	MJS	STURLA, MARIO J.							2016-08-15 13:12:22.000	2016-08-15 13:12:22.000	1	1	0	1	0	907	851
317	MJT	TEETER, MARILYN J.							2003-08-10 11:31:57.427		1	1	0	1	0	498	-1321
318	MJY	YAMAGUCHI, MICHAEL J.							2003-08-10 11:31:57.427		1	1	0	1	0	501	510
319	MK2	2000, M. SUAREZ							2003-08-10 11:31:57.427		0	1	0	1	0	1	1
1073	MKB	BROOKS, MARK K.							2020-11-09 10:08:47.280	2020-11-09 10:08:47.280	1	1	0	1	0	1	1
536	MKC	CORRIN, MELANIE K.							2015-06-09 09:44:33.000	2015-06-17 10:12:59.000	1	1	0	1	0	582	728
1	MKM	MILLS, MIRIAM K.							2003-08-10 11:31:57.427		1	1	0	1	0	24	-4283
363	MKN	NETTLES, MARSHA K.							2005-02-10 08:52:40.000	2005-02-10 08:52:40.000	1	1	0	1	0	889	-4002
2	MKS	SUAREZ, MICHAEL K.							2003-08-10 11:31:57.427		0	1	0	1	0	0	-1332
1117	MKW	WHITWORTH, MARK							2021-03-25 10:19:54.370	2021-03-25 10:19:54.370	1	1	0	1	0	1	1
427	MLE	LOPEZ-ENRIQUEZ, MARIA  							2009-04-07 14:31:08.000	2009-04-07 14:31:08.000	1	1	0	1	0	-4918	-20454
996	MLK	KLOSOWSKY, MICHAEL							2020-02-25 12:17:15.183	2020-02-25 12:18:42.200	1	1	0	1	0	1	1
1031	MLL	LLOYD, MICHAEL							2020-06-11 10:05:09.643	2020-06-11 10:05:25.330	1	1	0	1	0	1	1
1038	MLS	SCHNITZER, MICHAEL							2020-06-17 11:43:44.020	2020-06-17 11:43:44.020	1	1	0	1	0	1	1
1027	MLT	TRIPI, MICHAEL							2020-06-09 08:58:05.003	2020-06-09 08:58:05.003	1	1	0	1	0	1	1
631	MLY	LURYE, MARIA  							2017-02-15 11:22:58.000	2017-02-15 11:22:58.000	1	1	0	1	0	895	-2400
520	MMA	MESA, MYRNA A.							2014-11-07 14:41:45.000	2014-12-03 10:32:47.000	1	1	0	1	0	-33	-786
426	MMC	CHENG, MARY  							2009-04-03 14:19:21.000	2009-04-03 14:21:47.000	1	1	0	1	0	-3489	-11728
758	MMF	MCFARLAND, MICHAEL G.							2018-06-22 09:54:43.000	2018-06-22 09:54:43.000	1	1	0	1	0	865	844
440	MML	LITTLE, MONICA M.							2009-10-14 11:43:37.000	2009-10-14 11:43:37.000	1	1	0	1	0	-1209	-6913
1014	MMM	IJ NAME TESTING							2020-04-04 14:21:30.310	2021-01-25 23:06:46.410	0	1	0	1	0	1	1
930	MMR	MILLER, MONTE G.							2019-09-10 08:34:30.980	2019-09-10 08:34:30.980	1	1	0	1	0	1	1
396	MMT	TSANKOV, MIMI  							2006-11-03 14:32:31.000	2018-11-09 11:38:14.970	1	1	0	1	0	-6404	-11635
1039	MOB	O'BRIEN, MATTHEW							2020-06-29 09:41:47.677	2020-06-29 09:41:47.677	1	1	0	1	0	1	1
457	MOS	O'SULLIVAN, MAUREEN  							2010-07-22 10:24:51.000	2015-12-22 15:36:10.000	1	1	0	1	0	208	-5207
703	MP1	PLETERS, MICHAEL S.							2017-05-16 11:22:23.000	2017-05-16 11:22:23.000	1	1	0	1	0	-846	-1320
434	MPB	BAIRD, MICHAEL P.							2009-04-08 18:09:37.000	2009-04-08 18:09:37.000	1	1	0	1	0	-3797	802
3	MR	ROCCO, MICHAEL  							2003-08-10 11:31:57.427		1	1	0	1	0	1	493
1138	MRJ	JACKLER, MEGAN R.							2021-06-22 14:46:40.540	2021-06-22 14:46:40.540	1	1	0	1	0	1	1
977	MRM	RUSHER, MARNA M							2019-12-18 16:25:30.027	2019-12-18 16:25:30.027	1	1	0	1	0	1	1
4	MRR	REICHENBERG, MARGARET R.							2003-08-10 11:31:57.427		1	1	0	1	0	-9516	-29723
527	MS1	SHARDA, MUNISH  							2015-05-14 10:28:09.000	2015-12-18 16:30:44.000	1	1	0	1	0	826	879
606	MSF	FRAZER, MOLLY S.							2016-09-06 09:32:27.000	2016-09-06 09:32:27.000	1	1	0	1	0	-32	-6440
5	MSY	YAM, MIMI  							2003-08-10 11:31:57.427	2008-11-20 13:22:05.000	1	1	0	1	0	-203	-4657
6	MT	TADAL, MIRLANDE  							2003-08-10 11:31:57.427		1	1	0	1	0	-1895	-4885
830	MTG	GUIDRY, MONICA THOMPSON							2018-09-27 12:11:00.000	2018-09-27 12:11:00.000	1	1	0	1	0	-9049	-70949
518	MTK	KELLER, MARY BETH							2013-05-24 13:19:46.000	2013-05-24 13:19:46.000	1	1	0	1	0	-182	-4372
1118	MTP	PARKER, MARTINIQUE							2021-03-25 10:26:14.817	2021-03-29 11:09:41.073	1	1	0	1	0	1	1
907	MUN	UDDIN, MARIUM S.							2019-05-01 14:07:21.340	2019-05-01 14:07:21.340	1	1	0	1	0	1	-125
788	MV1	MEMPHIS VISITING JUDGE 1							2018-08-08 17:26:24.000	2018-08-08 17:26:24.000	1	1	0	1	0	-9	174
7	MVJ	RANDALL, ANTHONY J.							2003-08-10 11:31:57.427		0	1	0	1	0	1	423
769	MWA	WALLEISA, MICHAEL G.							2018-07-03 14:21:40.000	2018-07-03 14:21:40.000	1	1	0	1	0	906	596
973	MWH	WATTERS, MATTHEW H							2019-12-06 11:26:43.363	2019-12-06 11:26:43.363	1	1	0	1	0	1	1
534	MWK	KAUFMAN, MATTHEW W.							2015-05-22 16:06:25.000	2015-05-22 16:06:25.000	1	1	0	1	0	908	-763
8	MWS	STRAUS, MICHAEL W.							2003-08-10 11:31:57.427	2010-12-03 12:02:55.000	1	1	0	1	0	-349	-7707
9	NAF	FERRIS, NOEL A.							2003-08-10 11:31:57.427		1	1	0	1	0	244	-349
814	NAM	MARTZ, NICHOLAS A.							2018-08-31 12:17:14.000	2018-08-31 12:17:14.000	1	1	0	1	0	-1472	-1643
336	NB	BRENNAN, NOEL A.							2003-08-07 11:21:06.537		1	1	0	1	0	873	825
600	NBM	MALDONADO, NJERI B.							2016-08-12 15:28:55.000	2016-08-12 15:28:55.000	1	1	0	1	0	-191	905
740	NBW	WALKER, NATHANIEL B.							2018-01-04 14:50:08.000	2018-10-29 11:47:38.000	1	1	0	1	0	1	1
555	ND1	DEEN, NAYOMI  							2016-02-02 10:12:41.000	2016-02-02 10:12:41.000	1	1	0	1	0	-1199	-3987
770	NHB	HERBERT, NATHAN L.							2018-07-03 14:32:50.000	2018-07-03 14:32:50.000	1	1	0	1	0	-181	272
759	NHT	HUDDLESTON, NATALIE  							2018-06-26 13:29:08.000	2018-06-26 13:29:08.000	1	1	0	1	0	-1930	-163
599	NJP	PAUL, NANCY J.							2016-08-12 15:16:51.000	2016-08-12 15:16:51.000	1	1	0	1	0	-1127	-6499
10	NK	KIM, NICOLE  							2003-08-10 11:31:57.427		0	1	0	1	0	1	1
693	NMC	CARBONE, NINA M.							2017-04-18 15:43:29.000	2017-04-18 15:43:29.000	1	1	0	1	0	1	704
1125	NMH	HEMPEL, NICHOLLE M.							2021-03-30 16:07:20.637	2021-03-30 16:07:20.637	1	1	0	1	0	1	1
760	NMR	MILLER, NANCY E.							2018-06-26 13:43:00.000	2018-06-26 13:43:00.000	1	1	0	1	0	-1902	604
575	NNA	AINA, NATHAN N.							2016-05-31 14:42:25.000	2016-05-31 14:42:25.000	1	1	0	1	0	-1775	-492
886	NRF	FORD, NICHOLAS R							2019-03-20 13:13:32.503	2019-03-20 13:13:32.503	1	1	0	1	0	897	-796
11	NRM	MCCORMACK, NANCY R.							2003-08-10 11:31:57.427		1	1	0	1	0	-4052	-7546
12	NSF	FOSTER, NEALE  							2003-08-10 11:31:57.427	2011-02-10 11:01:05.000	0	1	0	1	0	1	473
780	NVP	VARGAS-PADILLA, NELSON A.							2018-07-12 16:47:56.000	2018-07-12 16:47:56.000	1	1	0	1	0	-4429	495
13	NWG	GORDON, NATHAN W.							2003-08-10 11:31:57.427	2012-03-02 14:19:07.000	0	1	0	1	0	1	480
794	ODS	SPENCER, OSHEA DENISE							2018-08-27 08:00:54.000	2021-03-08 11:40:18.073	1	1	0	1	0	898	687
704	OEA	ATTIA, OLGA E.							2017-05-16 13:11:28.000	2017-05-16 13:11:28.000	1	1	0	1	0	-56	-6866
14	OJB	BRAHOS, O. JOHN							2003-08-10 11:31:57.427	2011-02-10 11:01:27.000	0	1	0	1	0	1	421
535	OLC	CASSIN, OLIVIA L.							2015-05-29 09:51:37.000	2015-05-29 09:51:37.000	1	1	0	1	0	861	-5622
433	OMB	O'MALLEY, BRENDA  							2009-04-08 17:13:16.000	2009-04-08 17:13:16.000	1	1	0	1	0	909	640
959	PAB	BARR, PHILIP A.							2019-11-19 12:36:07.510	2019-11-19 12:43:40.230	1	1	0	1	0	1	1
15	PAM	MIRANDA, PEDRO A.							2003-08-10 11:31:57.427		1	1	0	1	0	-4052	-7563
16	PAN	NEJELSKI, PAUL A.							2003-08-10 11:31:57.427		0	1	0	1	0	1	420
17	PAR	ROHAN, PATRICIA A.							2003-08-10 11:31:57.427		1	1	0	1	0	-5696	-19316
18	PAW	WEBBER, POLLY A.							2003-08-10 11:31:57.427		1	1	0	1	0	502	712
1012	PC1	PIKE /CLINTON							2020-04-01 14:51:12.763	2020-04-01 14:51:12.763	1	1	0	1	0	1	1
430	PD1	DAVIS, PAULA V.							2009-04-07 15:18:09.000	2012-06-26 15:27:54.000	1	1	0	1	0	-1	149
19	PDF	DEFONZO, PAUL  							2003-08-10 11:31:57.427		1	1	0	1	0	187	-9584
407	PDM	DIMARZIO, PHILIP L.							2008-03-10 14:40:31.000	2008-04-16 13:50:01.000	1	1	0	1	0	-1242	-7395
630	PDO	DONNOLO, PAULA  							2017-02-15 11:03:08.000	2017-02-15 11:03:08.000	1	1	0	1	0	907	-1587
20	PG	GRUSSENDORF, PAUL  							2003-08-10 11:31:57.427	2011-02-10 11:03:01.000	0	1	0	1	0	1	1
878	PHE	HABLE, PAUL A.							2019-02-07 12:25:32.453	2019-02-07 12:25:32.453	1	1	0	1	0	0	28
1004	PIE	PIEPMEIER, KRISTIN							2020-03-10 12:17:48.630	2020-03-10 12:17:48.630	1	1	0	1	0	1	1
21	PJ	JOHNSTON, PAUL L.							2003-08-10 11:31:57.427	2011-02-10 11:03:57.000	0	1	0	1	0	340	427
459	PJC	COSTA, PHILIP J.							2010-07-22 10:26:29.000	2011-11-08 10:32:57.000	1	1	0	1	0	-1212	-1429
937	PJE	ESPINAL, PEDRO J.							2019-09-12 16:45:55.020	2019-09-12 16:45:55.020	1	1	0	1	0	1	1
22	PJM	MONTANTE JR, PHILIP J.							2003-08-10 11:31:57.427		1	1	0	1	0	-1444	385
1052	PKE	EHLERS, PATRICK J.							2020-08-24 12:01:31.193	2020-08-24 12:01:31.193	1	1	0	1	0	1	1
782	PKM	MCKENNA, PATRICK M.							2018-07-23 15:07:11.000	2018-07-23 15:07:11.000	1	1	0	1	0	515	909
496	PLA	ASHMAN, PETER L.							2010-11-29 15:17:32.000	2010-11-29 15:17:32.000	1	1	0	1	0	-1258	-7003
524	PLB	BUCHANAN, PATRICIA L.							2015-05-11 14:20:47.000	2015-05-11 14:20:47.000	1	1	0	1	0	-6193	-19316
932	PLE	SHIROLE, PALLAVI S.							2019-09-11 13:01:23.943	2019-09-11 13:01:23.943	1	1	0	1	0	1	1
23	PLJ	JOHNSTON, PAUL L							2003-08-10 11:31:57.427		0	1	0	1	0	1	1
24	PLM	MORACE, PHILIP L.							2003-08-10 11:31:57.427		1	1	0	1	0	-7582	-22872
804	PMC	MCCLOSKEY, PAUL A.							2018-08-30 13:09:12.000	2018-08-30 13:09:12.000	1	1	0	1	0	-3639	875
25	PMG	GAGNON, PAUL M.							2003-08-10 11:31:57.427		1	1	0	1	0	-6322	-12237
633	PMH	HABICH, PAUL M.							2017-02-22 13:30:45.000	2017-02-22 13:30:45.000	1	1	0	1	0	0	685
26	PMM	MCMANUS, MARGARET  							2003-08-10 11:31:57.427		1	1	0	1	0	-3488	-12520
27	PMS	SMITH, PENNY M.							2003-08-10 11:31:57.427	2011-02-10 11:04:19.000	0	1	0	1	0	1	429
597	PMT	TRUMAN, PHILLIP M.							2016-08-10 14:41:53.000	2016-08-10 14:41:53.000	1	1	0	1	0	-5034	890
28	PPL	LEADBETTER, PHILIP P.							2003-08-10 11:31:57.427		0	1	0	1	0	1	1
400	PRM	MAGGARD, PRINT  							2008-01-16 14:37:01.000	2008-01-16 14:37:01.000	1	1	0	1	0	-714	-5434
29	PS	SHEPPARD, PATRICIA  							2003-08-10 11:31:57.427	2011-02-10 11:01:50.000	0	1	0	1	0	1	379
30	PSL	LAW, PHILIP S.							2003-08-10 11:31:57.427		1	1	0	1	0	-1970	899
713	PSO	O'BRIEN, PATRICK S.							2017-07-24 09:30:06.000	2017-07-31 10:06:32.000	1	1	0	1	0	-1217	-5399
529	PSS	SAVAGE, PATRICK S.							2015-05-22 15:55:33.000	2015-05-22 15:55:33.000	1	1	0	1	0	895	-428
323	PTM	MCDERMOTT, PATRICK T.							2003-03-28 08:40:48.280	2011-02-10 11:02:10.000	0	1	0	1	0	1	1
958	PTP	TAYLOR, PHILIP P.							2019-11-19 12:31:04.613	2019-11-19 12:31:04.613	1	1	0	1	0	1	1
31	PTW	WILLIAMS, PHILLIP T.							2003-08-10 11:31:57.427		1	1	0	1	0	-1885	-517
416	PV	VERRILLO, PHILIP  							2008-09-03 11:13:06.000	2013-08-08 06:30:32.000	1	1	0	1	0	879	-5534
333	PWS	SCHMIDT, PAUL W.							2003-08-07 11:21:06.537		1	1	0	1	0	166	-6696
408	QVB	BAIN, QUYNH VU							2008-03-12 09:47:24.000	2009-02-26 13:53:52.000	1	1	0	1	0	-7386	485
558	RAC	COHEN, RAISA  							2016-02-02 11:19:15.000	2016-02-02 11:19:15.000	1	1	0	1	0	222	-3549
32	RAJ	RANDALL, ANTHONY J.							2003-08-10 11:31:57.427		1	1	0	1	0	-1894	-2855
413	RAP	PHELPS, RICHARD A.							2008-08-05 11:01:34.000	2008-08-05 11:01:34.000	1	1	0	1	0	-39	-6942
456	RAR	RUANE, RACHEL ANN							2010-07-22 10:23:32.000	2010-07-22 10:23:32.000	1	1	0	1	0	-1352	-2490
33	RB	BROWN, ROBERT  							2003-08-10 11:31:57.427	2011-02-10 11:05:45.000	0	1	0	1	0	1	429
559	RBJ	JAMIL, REBECCA  							2016-02-19 14:14:09.000	2016-02-19 14:14:09.000	1	1	0	1	0	795	691
852	RBM	MCSEVENEY, ROBERT B.C.							2018-10-29 11:03:48.000	2019-02-19 13:54:24.193	1	1	0	1	0	860	902
749	RC1	CHOI, RAPHAEL  							2018-03-30 11:26:02.000	2018-03-30 11:26:02.000	1	1	0	1	0	-3749	-12275
918	RCB	BARTLEMAY SR., ROBERT C.							2019-08-28 08:57:48.463	2019-08-28 08:57:48.463	1	1	0	1	0	1	1
34	RCH	HLADYLOWYCZ, ROXANNE C.							2003-08-10 11:31:57.427		1	1	0	1	0	-5556	-40840
833	RCJ	JACOBS, RICHARD C.							2018-09-27 12:14:12.000	2018-09-27 12:14:12.000	1	1	0	1	0	-9117	-71352
35	RCP	PETERS, ROSE  							2003-08-10 11:31:57.427		1	1	0	1	0	-1256	-7152
611	RD1	DUNCAN, RANDALL W.							2016-10-24 15:22:46.000	2016-10-24 15:22:46.000	1	1	0	1	0	1	716
1076	RDD	DRUCKER, RICHARD							2020-11-09 10:41:36.003	2021-01-05 12:39:24.357	1	1	0	1	0	1	1
424	RDM	MATEO, RENE D.							2009-02-12 14:22:27.000	2009-02-17 15:22:12.000	1	1	0	1	0	727	-3478
36	RDN	NEWBERRY, ROBERT D.							2003-08-10 11:31:57.427		1	1	0	1	0	468	-2554
37	RDV	VINIKOOR, ROBERT D.							2003-08-10 11:31:57.427		1	1	0	1	0	418	-3576
38	RDW	WEISEL, ROBERT D.							2003-08-10 11:31:57.427		1	1	0	1	0	-6559	-17797
504	REC	COUGHLON, ROBERT E.							2011-07-14 15:42:24.000	2011-07-14 15:42:24.000	1	1	0	1	0	503	906
397	REF	FEDER, ROBIN E.							2006-11-09 14:59:41.000	2006-11-09 14:59:41.000	1	1	0	1	0	-1586	-3092
1051	REG	GIRVIN, RALPH E.							2020-08-24 10:11:13.207	2020-08-24 10:11:13.207	1	1	0	1	0	1	1
1135	REW	WHITE, ROMAINE							2021-06-16 12:54:21.743	2021-06-16 12:54:21.743	1	1	0	1	0	1	1
39	RFB	BRODSKY, RICHARD F.							2003-08-10 11:31:57.427		0	1	0	1	0	1	1
761	RFH	FELLRATH, ROBERT  							2018-06-26 13:53:45.000	2018-06-26 13:53:45.000	1	1	0	1	0	-1897	-2880
392	RFS	SAGERMAN, ROGER F.							2006-09-22 10:53:53.000	2006-09-22 10:53:53.000	1	1	0	1	0	-4898	-5729
40	RGS	SONOM, RONALD G.							2003-08-10 11:31:57.427	2011-02-10 11:06:26.000	0	1	0	1	0	1	468
398	RHC	HARRIS, RODGER C.							2007-01-12 09:48:49.000	2007-01-12 09:48:49.000	1	1	0	1	0	28	774
41	RHK	KNUCK, RICHARD H.							2003-08-10 11:31:57.427	2011-02-10 11:05:21.000	0	1	0	1	0	1	490
620	RJ1	JAMADAR, RICHARD A.							2017-01-06 14:29:10.000	2017-01-06 14:29:10.000	1	1	0	1	0	-465	846
533	RJA	AVERWATER, RICHARD J.							2015-05-22 16:05:58.000	2015-05-22 16:05:58.000	1	1	0	1	0	906	829
42	RJB	BARRETT, ROBERT J.							2003-08-10 11:31:57.427	2011-02-10 11:06:03.000	0	1	0	1	0	515	541
43	RJD	DANIEL, ROY J.							2003-08-10 11:31:57.427		0	1	0	1	0	1	419
44	RJF	FORD, REX J.							2003-08-10 11:31:57.427		1	1	0	1	0	-1403	-3167
566	RJR	ROSCHE, ROBIN J.							2016-03-24 09:25:07.000	2016-05-17 13:33:50.000	1	1	0	1	0	-839	-6801
45	RKM	MCHUGH, R. KEVIN							2003-08-10 11:31:57.427		1	1	0	1	0	-1897	-5430
595	RKP	PAULINO, ROBIN K.							2016-08-10 10:07:03.000	2016-08-10 10:07:03.000	1	1	0	1	0	901	824
46	RLE	ERWIN, R. LEE							2003-08-10 11:31:57.427		0	1	0	1	0	1	481
1070	RLF	FLUKE, RANDALL L.							2020-10-07 09:25:41.150	2020-10-07 09:25:41.150	1	1	0	1	0	1	1
462	RLH	HOLT, REBECCA L.							2010-09-03 13:54:32.000	2010-09-03 13:54:32.000	1	1	0	1	0	787	844
47	RLM	MULLINS, RONALD L.							2003-08-10 11:31:57.427		1	1	0	1	0	515	504
48	RLR	RENNER, RENEE L.							2003-08-10 11:31:57.427		1	1	0	1	0	-6543	-21007
49	RM	MORENO, ROBERTO  							2003-08-10 11:31:57.427		1	1	0	1	0	1	1
431	RM1	MAGGARD, ROBERT PRINT							2009-04-07 15:20:05.000	2019-10-02 09:35:20.273	0	1	0	1	0	1	1
849	RMH	HANSELL, RENAE M.							2018-10-29 10:47:03.000	2018-10-29 10:50:16.000	1	1	0	1	0	813	626
985	RML	LEWANDOWSKI, ROBERT M.							2020-02-20 15:19:57.767	2020-02-20 15:19:57.767	1	1	0	1	0	1	1
50	RMM	MONTES, RAUL  							2003-08-10 11:31:57.427		0	1	0	1	0	1	1
507	RMS	MCSEVENEY, ROBERT B.C.							2011-11-02 12:32:53.000	2019-11-13 10:18:38.020	0	1	0	1	0	483	-6485
1001	RNF	FISHER, RYAN							2020-03-03 14:21:10.263	2020-09-04 09:21:53.433	1	1	0	1	0	1	1
51	RNO	OHATA, RONALD N.							2003-08-10 11:31:57.427		0	1	0	1	0	1	1
52	ROS	ORTIZ-SEGURA, RAFAEL  							2003-08-10 11:31:57.427	2018-02-13 13:57:28.000	1	1	0	1	0	-656	-3222
53	ROV	VICARS, ROBERT O., JR.							2003-08-10 11:31:57.427		1	1	0	1	0	-1255	-7007
54	RP	PARDO, RAUL C.							2003-08-10 11:31:57.427		0	1	0	1	0	1	1
466	RPL	POWELL, ROBERT L.							2010-10-04 17:28:00.000	2010-10-06 13:03:15.000	1	1	0	1	0	-451	-1440
55	RPM	MALLOY, ROSALIND K.							2003-08-10 11:31:57.427		1	1	0	1	0	907	906
56	RPO	OWENS, ROBERT P.							2003-08-10 11:31:57.427		1	1	0	1	0	-9364	-6798
436	RR1	ROOYANI, RODIN  							2009-04-08 18:17:07.000	2009-04-08 18:17:07.000	1	1	0	1	0	-1256	-9029
545	RR2	RASTEGAR, RAMIN  							2015-10-14 15:45:48.000	2015-10-14 15:45:48.000	1	1	0	1	0	858	903
1078	RRH	HALPERIN, RAVIT R.							2020-11-17 08:43:39.123	2020-11-17 08:43:39.123	1	1	0	1	0	1	1
561	RRM	MCKEE, ROBERT R.							2016-02-26 13:30:13.000	2016-02-26 13:30:13.000	1	1	0	1	0	-94	-3231
57	RRO	OZMUN, RICHARD R.							2003-08-10 11:31:57.427		1	1	0	1	0	123	858
692	RRW	WOOD, RYAN R.							2017-04-17 16:24:02.000	2017-04-17 16:24:02.000	1	1	0	1	0	-188	-821
58	RS	SMITH, RENETTA  							2003-08-10 11:31:57.427	2011-02-10 11:04:43.000	0	1	0	1	0	1	471
361	RSH	HOUGH, ROBERT S.							2005-01-26 14:05:41.000	2005-01-26 14:07:44.000	1	1	0	1	0	-56	-2411
904	RSN	NEWAZ, RIFIAN S.							2019-04-17 08:11:45.403	2019-04-17 08:11:45.403	1	1	0	1	0	-42	472
612	RSO	SOGOCIO, RICO M.							2016-10-31 14:38:47.000	2016-10-31 14:38:47.000	1	1	0	1	0	883	287
1054	RTD	DRISCOLL, ROBERT							2020-09-01 10:47:44.460	2020-09-01 10:47:44.460	1	1	0	1	0	1	1
979	RTG	GUNDLACH, ROBERT							2020-02-20 14:44:54.547	2020-02-20 14:44:54.547	1	1	0	1	0	1	1
59	RW	WALTON, RICHARD D.							2003-08-10 11:31:57.427		1	1	0	1	0	-1678	659
842	RWD	WARD, ROBERT Q.							2018-10-10 13:00:49.000	2018-10-10 13:00:49.000	1	1	0	1	0	-2951	899
506	RWK	KIMBALL, R. WAYNE							2011-10-28 15:51:55.000	2011-10-28 15:51:55.000	1	1	0	1	0	141	630
60	RY	YEARGIN, ROBERT  							2003-08-10 11:31:57.427		1	1	0	1	0	-233	-3291
451	RZA	ZAGZOUG, RANDA  							2010-04-26 17:16:15.000	2010-04-26 17:16:15.000	1	1	0	1	0	866	821
1063	SAB	BEGOVICH, SAMANTHA							2020-09-10 15:12:03.970	2020-09-10 15:12:03.970	1	1	0	1	0	1	1
789	SAF	FACTOR, SAMUEL M.							2018-08-14 08:10:27.000	2018-08-14 08:10:27.000	1	1	0	1	0	909	859
1007	SAH	ASHWORTH, SHERRON							2020-03-18 11:26:09.963	2020-03-18 11:26:09.963	1	1	0	1	0	1	1
491	SAM	MORLEY, STEVEN A.							2010-11-03 15:57:52.000	2010-11-03 15:57:52.000	1	1	0	1	0	903	-3578
479	SAR	ARELLANO, SILVIA R.							2010-10-18 17:00:31.000	2010-10-18 17:00:31.000	1	1	0	1	0	-1191	835
637	SAS	SIEGEL, STUART A.							2017-03-03 09:50:38.000	2017-03-03 09:50:38.000	1	1	0	1	0	850	652
586	SBC	COLE, SAMUEL B.							2016-06-14 15:52:37.000	2016-06-14 15:52:37.000	1	1	0	1	0	-5763	-18953
790	SBE	BESCHTA, SUSAN M							2018-08-14 08:17:09.000	2018-08-14 08:17:09.000	1	1	0	1	0	821	-4811
826	SBF	FULLER, STEVEN B.							2018-09-20 14:55:02.000	2018-09-20 14:55:02.000	1	1	0	1	0	1	1
511	SBM	MAHTABFAR, SUNITA B.							2013-02-13 10:34:43.000	2013-02-13 10:34:43.000	1	1	0	1	0	-458	909
875	SBN	BROWN, SAM, IV							2019-02-06 08:27:39.490	2019-02-06 08:27:39.490	1	1	0	1	0	-679	905
61	SBR	ROSENBERG, SYDNEY B.							2003-08-10 11:31:57.427		0	1	0	1	0	1	563
621	SC1	CALEY, STEVEN  							2017-01-06 14:35:17.000	2017-01-06 14:36:36.000	0	1	0	1	0	1	1
701	SC2	CRISS, SCOTT D.							2017-05-16 11:10:43.000	2017-05-16 11:10:43.000	1	1	0	1	0	-3548	-5342
753	SC3	CLANCY, SEAN D.							2018-04-27 13:50:46.000	2018-04-27 13:50:46.000	1	1	0	1	0	0	904
62	SCB	BRAUWERMAN, SUZAN C.							2003-08-10 11:31:57.427		0	1	0	1	0	-1894	-2883
868	SCN	CHEN, SHANA W.							2018-12-19 14:53:11.657	2018-12-19 14:53:11.657	1	1	0	1	0	-968	900
63	SD	DER-YEGHIAYAN, SAMUEL  							2003-08-10 11:31:57.427	2011-02-10 11:06:45.000	0	1	0	1	0	1	471
738	SD1	STATUS DOCKET							2017-12-22 10:59:56.000	2017-12-22 10:59:56.000	1	1	0	1	0	-7971	-28510
779	SDA	ALCORN, STUART DOUGLAS							2018-07-11 16:46:29.000	2018-07-11 16:46:29.000	1	1	0	1	0	-268	-3761
622	SDC	CALEY, STEVEN  							2017-01-06 14:36:55.000	2017-01-06 14:36:55.000	1	1	0	1	0	-32	-6466
846	SDG	GAMBILL, SCOTT D.							2018-10-22 11:01:25.000	2018-10-22 11:01:25.000	1	1	0	1	0	907	727
739	SDJ	STATUS DOCKET JUVENILE							2017-12-22 11:02:40.000	2017-12-22 11:02:40.000	1	1	0	1	0	-5805	522
418	SDL	LAURENT, SCOTT  							2008-09-18 13:32:24.000	2008-09-18 13:32:24.000	1	1	0	1	0	-1254	-7543
658	SDS	SANTEN, SEAN D.							2017-03-17 10:52:06.000	2017-03-17 10:52:06.000	1	1	0	1	0	169	609
880	SEB	BURNHAM, SHAYNE R.							2019-02-15 11:56:47.960	2019-02-15 11:56:47.960	1	1	0	1	0	-2247	-4986
64	SEC	CASTRO, SUSAN E.							2003-08-10 11:31:57.427	2014-07-15 08:24:57.000	1	1	0	1	0	420	-5677
487	SEG	GREENSTEIN, SAUL E.							2010-10-25 11:30:04.000	2010-10-25 11:30:04.000	1	1	0	1	0	-451	903
872	SEJ	JOHNSON, SHANE E.							2018-12-21 16:35:19.567	2018-12-21 16:35:19.567	1	1	0	1	0	-637	850
65	SEM	MANDER, STEPHEN E.							2003-08-10 11:31:57.427		1	1	0	1	0	908	-86
786	SEO	OWEN, SIRCE E.							2018-08-07 13:20:59.000	2018-08-07 13:20:59.000	1	1	0	1	0	-292	-7678
952	SFA	AIKMAN, SUSAN, F							2019-11-13 09:23:10.047	2019-11-13 09:23:10.047	1	1	0	1	0	1	1
501	SFD	DAY, STEVEN F.							2011-03-18 10:48:48.000	2011-03-18 10:48:48.000	1	1	0	1	0	-638	-1493
490	SFK	KARDEN, STUART F.							2010-10-28 16:36:54.000	2010-10-28 16:36:54.000	1	1	0	1	0	-6294	715
619	SG1	GORMAN, STEPHANIE  							2017-01-06 14:23:09.000	2017-01-06 14:23:09.000	1	1	0	1	0	-1344	889
66	SGA	ALEXANDER, SCOTT G.							2003-08-10 11:31:57.427		1	1	0	1	0	546	-2747
957	SGE	GALLOW,SHEILA E.							2019-11-19 11:49:16.820	2019-11-19 12:18:57.517	1	1	0	1	0	1	1
409	SGR	ROY, SUSAN G.							2008-03-20 14:35:05.000	2011-02-10 11:07:47.000	0	1	0	1	0	1	480
67	SH	HOM, SANDY  							2003-08-10 11:31:57.427		1	1	0	1	0	-1166	-4561
463	SHA	ARRINGTON, SAUNDRA D.							2010-09-15 09:49:17.000	2010-09-15 09:49:17.000	1	1	0	1	0	507	-3722
68	SHK	KEENAN, SEAN H.							2003-08-10 11:31:57.427		1	1	0	1	0	668	698
953	SHR	SINGH, RANTIDEVA							2019-11-13 09:41:02.113	2019-11-13 09:41:02.113	1	1	0	1	0	1	1
731	SJ1	STATUS JUDGE DOCKET 1							2017-10-27 09:25:35.000	2017-10-27 09:25:35.000	1	1	0	1	0	-1894	-2861
732	SJ2	STATUS JUDGE DOCKET 2							2017-10-27 09:26:03.000	2017-10-27 09:26:03.000	1	1	0	1	0	1	-9
733	SJ3	STATUS JUDGE DOCKET 3							2017-10-27 09:26:11.000	2017-10-27 09:26:11.000	1	1	0	1	0	1	1
734	SJ4	STATUS JUDGE DOCKET 4							2017-10-27 09:26:19.000	2017-10-27 09:26:19.000	1	1	0	1	0	1	1
735	SJ5	STATUS JUDGE DOCKET 5							2017-10-27 09:26:27.000	2017-10-27 09:26:27.000	1	1	0	1	0	1	1
481	SJC	CONNELLY, STEVEN J.							2010-10-18 18:34:07.000	2010-10-18 18:34:07.000	1	1	0	1	0	-13	-275
417	SJL	LAURENT, SCOTT  							2008-09-18 13:31:36.000	2008-09-18 13:32:12.000	0	1	0	1	0	1	1
69	SJM	MARKS, STEPHANIE J.							2003-08-10 11:31:57.427		0	1	0	1	0	1	629
989	SJP	PHILLIPS, STEVEN J.							2020-02-21 08:50:11.743	2020-02-21 08:50:11.743	1	1	0	1	0	1	1
568	SJS	SANTOS-GARCIA, SANDRA J.							2016-05-04 10:31:13.000	2016-05-04 10:31:13.000	1	1	0	1	0	1	583
70	SK	KANDAH, SABRI  							2003-08-10 11:31:57.427		0	1	0	1	0	1	478
627	SKP	PEPPER, S. KATHLEEN							2017-01-24 12:50:20.000	2017-01-24 12:50:20.000	1	1	0	1	0	-4185	-25722
1071	SLR	LAZARE-RAPHAEL, SHIRLEY							2020-11-04 14:08:16.087	2020-11-27 08:43:20.570	1	1	0	1	0	1	1
71	SLS	SHOLOMSON, STEPHEN L.							2003-08-10 11:31:57.427		1	1	0	1	0	-1248	-6993
635	SM1	MAZZIE, SARAH B.							2017-03-02 16:08:41.000	2017-03-02 16:08:41.000	1	1	0	1	0	1	292
72	SMB	BURR, SARAH M.							2003-08-10 11:31:57.427		1	1	0	1	0	-6325	-14151
844	SME	ELLISON, SARAH M.							2018-10-15 16:06:53.000	2018-10-15 16:06:53.000	1	1	0	1	0	-9107	-71306
73	SMJ	JEFFERIES, SCOTT M.							2003-08-10 11:31:57.427		1	1	0	1	0	515	516
473	SMN	MCNULTY, SHEILA  							2010-10-12 15:31:10.000	2010-10-12 15:31:10.000	1	1	0	1	0	-5325	-22768
405	SMR	RUHLE, STEPHEN M.							2008-03-06 17:28:15.000	2008-03-06 17:28:15.000	1	1	0	1	0	-6	-6233
795	SMS	STAR, SHADEE M.							2018-08-27 14:13:05.000	2018-08-27 14:13:05.000	1	1	0	1	0	889	-480
960	SNA	NASEEM, SAMIA							2019-11-20 13:45:49.567	2020-11-02 11:00:01.320	1	1	0	1	0	1	1
1036	SNM	MARCUS, STEVEN							2020-06-16 11:42:38.493	2020-06-16 11:42:38.493	1	1	0	1	0	1	1
460	SPL	LOGAN, STEVEN P.							2010-08-25 16:36:09.000	2010-08-25 16:36:09.000	1	1	0	1	0	1	492
896	SPN	PHAN, SUSAN  							2019-04-11 14:00:35.740	2019-04-11 14:00:35.740	1	1	0	1	0	908	693
549	SR1	RUBIN, SHIFRA  							2015-12-31 11:38:35.000	2015-12-31 11:38:35.000	1	1	0	1	0	890	897
74	SRA	ABRAMS, STEVEN R.							2003-08-10 11:31:57.427		1	1	0	1	0	-1429	-4877
75	SRK	KLEINFELD, SEYMOUR R.							2003-08-10 11:31:57.427	2011-02-10 11:07:29.000	0	1	0	1	0	1	474
543	SS2	SIMPSON, SCOTT  							2015-09-10 18:15:00.000	2015-10-14 15:27:58.000	1	1	0	1	0	-32	903
76	SSC	COLEMAN, SANDRA S.							2003-08-10 11:31:57.427	2011-02-10 11:07:11.000	0	1	0	1	0	1	479
359	SSG	GRISWOLD, STEPHEN S.							2004-12-06 14:51:18.000	2004-12-06 14:51:18.000	1	1	0	1	0	506	729
943	SSL	SCHOOLS, SHELLY W.							2019-09-23 16:59:21.330	2019-09-23 16:59:21.330	1	1	0	1	0	1	1
808	STP	PATTI, SEBASTIAN T.							2018-08-31 11:58:45.000	2018-08-31 11:58:45.000	1	1	0	1	0	-1131	-39
1023	STT	THOMSEN, SCOTT							2020-06-01 08:42:21.540	2020-06-01 08:42:21.540	1	1	0	1	0	1	1
354	SVJ	SEATTLE VISITING JUDGE							2004-09-14 08:15:16.310		1	1	0	1	0	1	381
77	SY	YARBROUGH, SUSAN  							2003-08-10 11:31:57.427	2011-02-10 11:08:19.000	0	1	0	1	0	1	433
1069	SYK	KIM, SAMUEL Y.							2020-10-06 11:06:15.573	2020-10-06 11:06:15.573	1	1	0	1	0	1	1
78	TAB	BAIN, TERRY A.							2003-08-10 11:31:57.427		1	1	0	1	0	856	-1742
1047	TAL	LEBRETON, TANAWA							2020-07-14 10:37:52.263	2020-07-14 10:37:52.263	1	1	0	1	0	1	1
823	TAM	MASTERS, TODD A.							2018-09-17 11:40:00.000	2018-11-06 16:19:44.730	1	1	0	1	0	783	664
902	TAR	RILEY, TERESA L.							2019-04-15 12:07:12.193	2019-04-15 12:07:12.193	1	1	0	1	0	909	775
386	TAW	WHITE, TED A.							2006-06-02 16:11:53.000	2011-02-10 11:08:38.000	0	1	0	1	0	1	1
79	TC	CHAPA, TEOFILO  							2003-08-10 11:31:57.427		1	1	0	1	0	-871	-10212
334	TCC	CHRISTIAN, TERRY C.							2003-08-07 11:21:06.537	2011-02-10 11:08:58.000	0	1	0	1	0	1	1
360	TCR	ROEPKE, THOMAS C.							2005-01-26 14:05:12.000	2005-01-26 14:08:12.000	1	1	0	1	0	224	-11078
80	TF	FONG, THOMAS  							2003-08-10 11:31:57.427		1	1	0	1	0	-1243	-7147
486	TGC	CROSSAN, THOMAS G., JR.							2010-10-22 10:59:19.000	2010-12-07 16:00:24.000	1	1	0	1	0	139	736
378	TGS	SNOW, THOMAS G.							2006-01-09 15:52:02.000	2006-01-09 15:52:02.000	1	1	0	1	0	720	569
81	THS	HOLMES-SIMMONS, THERESA  							2003-08-10 11:31:57.427	2008-10-29 11:44:06.000	1	1	0	1	0	256	895
863	THW	WILSON, TAMAR H.							2018-12-14 13:30:26.760	2018-12-14 13:30:26.760	1	1	0	1	0	907	843
375	TJM	MULLIGAN, THOMAS J.							2005-10-07 13:57:24.000	2009-01-27 09:46:21.000	1	1	0	1	0	-4167	-11564
916	TKS	KOURIS, THEODORA N.							2019-08-27 14:43:29.293	2019-08-27 14:43:29.293	1	1	0	1	0	1	1
410	TLF	FITTING, TAMMY L.							2008-04-03 10:06:10.000	2008-04-03 10:06:10.000	1	1	0	1	0	0	275
82	TLP	PULLEN, THOMAS L.							2003-08-10 11:31:57.427	2011-02-10 11:09:18.000	0	1	0	1	0	1	495
603	TMC	COLE, TIMOTHY M.							2016-08-18 14:24:24.000	2016-08-18 14:24:24.000	1	1	0	1	0	-4702	-2395
83	TMO	O'LEARY, THOMAS MICHAEL							2003-08-10 11:31:57.427		1	1	0	1	0	463	455
84	TMR	RAGNO, THOMAS M.							2003-08-10 11:31:57.427	2011-02-10 11:09:47.000	0	1	0	1	0	1	548
438	TNN	NASELOW-NAHAS, TARA  							2009-10-08 10:27:19.000	2009-10-08 10:32:34.000	1	1	0	1	0	-1358	831
85	TPQ	PHAN-QUANG, TUE  							2003-08-10 11:31:57.427		1	1	0	1	0	-1908	-3804
1122	TRA	RIVERA, TAMAIRA							2021-03-25 12:20:48.050	2021-03-25 12:20:48.050	1	1	0	1	0	1	1
1055	TRD	DOUGHTY, TAYLOR							2020-09-01 11:15:32.910	2020-09-01 11:15:32.910	1	1	0	1	0	1	1
517	TRE	EVERETT, TIMOTHY R.							2013-04-22 11:02:17.000	2013-04-22 11:02:17.000	1	1	0	1	0	-1723	-6981
976	TRN	TEST IJ FOR OIT TRAIN01							2019-12-15 11:34:16.737	2019-12-15 21:36:33.227	0	1	0	1	0	1	1
889	TSA	AYZE, THOMAS  							2019-03-20 15:34:41.733	2019-03-20 15:34:41.733	1	1	0	1	0	-940	-429
1019	TSB	BARTLESON, THOMAS							2020-05-13 15:31:42.130	2020-10-08 14:29:00.273	1	1	0	1	0	1	1
454	TSC	SCALA, THERESA  							2010-04-27 16:31:11.000	2010-04-27 16:31:11.000	1	1	0	1	0	-6	-1567
1064	TSM	MUNGOVEN, THOMAS							2020-09-15 15:53:16.620	2020-09-15 15:53:16.620	1	1	0	1	0	1	1
853	TST	Test IJ forEOIR OIT TestingT							2018-11-04 14:25:10.687	2021-06-06 21:47:40.043	0	1	0	1	0	-5	904
1013	TTT	LTEST SR., FTEST M.							2020-04-04 10:14:01.330	2020-11-28 13:26:59.680	0	1	0	1	0	1	1
423	TWJ	JANAS, THOMAS  							2009-02-12 14:21:03.000	2009-02-17 15:22:45.000	1	1	0	1	0	419	-1512
1032	TYS	SHORT, TRACY							2020-06-11 10:12:28.810	2020-06-11 10:12:28.810	1	1	0	1	0	1	1
961	UUL	ul-Haq, Ubaid							2019-11-20 13:59:12.897	2020-03-25 15:44:23.437	1	1	0	1	0	1	1
590	V10	VISITING JUDGE 10							2016-08-05 14:15:19.000	2016-08-05 14:15:19.000	1	1	0	1	0	-6622	-15879
591	V11	VISITING JUDGE 11							2016-08-05 14:16:00.000	2016-08-05 14:16:00.000	1	1	0	1	0	-6622	-15821
592	V12	VISITING JUDGE 12							2016-08-05 14:16:22.000	2016-08-05 14:16:22.000	1	1	0	1	0	-6622	-14855
593	V13	VISITING JUDGE 13							2016-08-05 14:16:52.000	2021-02-04 22:48:04.890	1	1	0	1	0	-6622	513
1084	V14	VISITING JUDGE 14							2021-02-01 16:39:38.267	2021-02-04 22:53:42.093	1	1	0	1	0	1	1
1085	V15	VISITING JUDGE 15							2021-02-01 16:40:44.040	2021-02-04 22:53:54.583	1	1	0	1	0	1	1
1091	V16	VISITING JUDGE 16							2021-02-01 21:24:28.310	2021-02-01 21:24:44.093	1	1	0	1	0	1	1
598	VAB	BURCH, VALERIE A.							2016-08-10 15:14:27.000	2016-08-10 15:14:27.000	1	1	0	1	0	-1223	-9104
477	VAW	WRIGHT, VIRNA A.							2010-10-14 17:37:53.000	2010-10-14 17:37:53.000	1	1	0	1	0	-613	-474
563	VBM	MILES, VERNON BENET							2016-03-08 09:56:33.000	2016-08-22 10:02:28.000	1	1	0	1	0	909	908
87	VDA	AYALA, DAVID  (VISITING JUDGE)							2003-08-10 11:31:57.427		0	1	0	1	0	0	-1327
88	VG	GHARTEY, VICTORIA L.							2003-08-10 11:31:57.427		1	1	0	1	0	908	-999
89	VGU	GORDON-URUAKPA, VIVIENNE E.							2003-08-10 11:31:57.427		1	1	0	1	0	853	-1723
90	VHJ	YATES, CLAREASE RANKIN (VISITING JUDGE)							2003-08-10 11:31:57.427		0	1	0	1	0	1	428
802	VHS	SPATH, VANCE H.							2018-08-30 09:38:46.000	2018-08-30 09:38:46.000	1	1	0	1	0	-5027	636
355	VIC	YOUNG, VICTORIA E.							2004-09-14 08:15:16.310	2011-02-10 11:10:10.000	0	1	0	1	0	1	433
91	VID	VIDEO JUDGE - BAL							2003-08-10 11:31:57.427		0	1	0	1	0	1	502
92	VIS	VISITING   JUDGE							2003-08-10 11:31:57.427		0	1	0	1	0	35	-3551
93	VJ1	VISITING JUDGE 1							2003-08-10 11:31:57.427	2009-07-17 13:21:11.000	1	1	0	1	0	-3640	529
94	VJ2	VISITING JUDGE 2							2003-08-10 11:31:57.427	2009-07-17 13:21:22.000	1	1	0	1	0	-1759	567
95	VJ3	VISITING JUDGE 3							2003-08-10 11:31:57.427	2010-11-12 15:21:31.000	1	1	0	1	0	-2651	726
96	VJ4	VISITING JUDGE 4							2003-08-10 11:31:57.427	2015-03-09 14:43:05.000	1	1	0	1	0	-5674	810
97	VJ5	VISITING JUDGE 5							2003-08-10 11:31:57.427		1	1	0	1	0	-7137	804
98	VJ6	VISITING JUDGE 6							2003-08-10 11:31:57.427	2015-02-03 10:41:00.000	1	1	0	1	0	-14	-2848
521	VJ7	VISITING JUDGE 7							2015-02-03 10:39:55.000	2015-02-03 10:39:55.000	1	1	0	1	0	-7822	896
522	VJ8	VISITING JUDGE 8							2015-02-03 10:40:27.000	2021-02-01 16:45:39.657	1	1	0	1	0	-4898	-10589
335	VJ9	VISITING JUDGE 9							2003-08-07 11:21:06.537	2015-02-03 10:39:07.000	1	1	0	1	0	-6617	-15112
99	VJA	CHURCHILL, JOAN V. (VISITING JUDGE)							2003-08-10 11:31:57.427		0	1	0	1	0	1	430
100	VJB	BENTON, JIMMIE LEE (VISITING JUDGE)							2003-08-10 11:31:57.427		0	1	0	1	0	1	1
746	VJC	Visiting Judge Cleveland							2018-02-05 11:00:11.000	2018-02-05 11:00:11.000	1	1	0	1	0	-66	-50
773	VJD	VISITING JUDGE DETAINED							2018-07-06 14:29:44.000	2018-07-06 14:29:44.000	1	1	0	1	0	1	1
101	VJE	TADAL, MIRLANDE  							2003-08-10 11:31:57.427		0	1	0	1	0	1	433
102	VJH	WINKLE, HOWARD VAN (VISITING JUDGE)							2003-08-10 11:31:57.427		0	1	0	1	0	1	434
103	VJM	WILLIAMS, KEITH C.							2003-08-10 11:31:57.427		0	1	0	1	0	1	435
775	VJN	VISITING JUDGE (NON-DETAINED) - BALTIMORE							2018-07-10 14:51:41.000	2018-07-10 14:51:41.000	1	1	0	1	0	-152	-2369
104	VJO	DUCK, JOHN A., JR.							2003-08-10 11:31:57.427		0	1	0	1	0	1	437
615	VLA	ARGUMEDO, VICTORIA L.							2016-12-20 10:06:03.000	2016-12-20 10:06:03.000	1	1	0	1	0	1	696
105	VMJ	ALEXANDER, SCOTT C.							2003-08-10 11:31:57.427		0	1	0	1	0	1	440
495	VPG	PEREZ-GUZMAN, VIRGINIA  							2010-11-12 14:28:12.000	2010-11-23 09:54:37.000	1	1	0	1	0	-182	-654
106	VPL	LAW, PHILIP S. (VISITING JUDGE)							2003-08-10 11:31:57.427		0	1	0	1	0	1	1
532	VRW	WHITE, VINCENT R.							2015-05-22 15:59:52.000	2015-05-22 15:59:52.000	1	1	0	1	0	1	560
478	VSC	COUCH, V. STUART							2010-10-15 15:44:12.000	2010-10-15 15:44:12.000	1	1	0	1	0	878	895
613	VSV	VILLEGAS, VERONICA S.							2016-12-20 09:53:50.000	2016-12-20 09:53:50.000	1	1	0	1	0	-1723	434
107	VSY	YARBROUGH, SUSAN  (VISITING JUDGE)							2003-08-10 11:31:57.427		0	1	0	1	0	1	1
108	VWZ	ZIMMER, WILLIAM K. (VISITING JUDGE)							2003-08-10 11:31:57.427		0	1	0	1	0	1	1
109	WAC	CASSIDY, WILLIAM A.							2003-08-10 11:31:57.427		1	1	0	1	0	618	-6133
110	WAD	DURLING, WALTER A.							2003-08-10 11:31:57.427		1	1	0	1	0	-18	-5308
320	WAH	HOLLIS, WENDELL A.							2003-03-13 11:34:00.967		1	1	0	1	0	491	-433
111	WCP	PETERSON, WILLIAM C.							2003-08-10 11:31:57.427		1	1	0	1	0	-1252	-9025
458	WDN	NEUMEISTER, WILLIAM DAVID							2010-07-22 10:25:30.000	2010-07-22 10:25:30.000	1	1	0	1	0	-1342	-1355
112	WFJ	JANKUN, WILLIAM F.							2003-08-10 11:31:57.427		1	1	0	1	0	1	1
113	WFN	NAIL, WILLIAM F., JR.							2003-08-10 11:31:57.427		0	1	0	1	0	1	596
114	WI	ISKRA, WAYNE  							2003-08-10 11:31:57.427		1	1	0	1	0	330	71
115	WJM	MARTIN, WILLIAM J.							2003-08-10 11:31:57.427	2011-02-10 11:10:36.000	0	1	0	1	0	1	425
116	WJN	NICKERSON, WILLIAM J., JR.							2003-08-10 11:31:57.427		1	1	0	1	0	514	908
117	WKH	HOUSER, WAYNE K., JR.							2003-08-10 11:31:57.427		1	1	0	1	0	-730	900
118	WKZ	ZIMMER, WILLIAM K.							2003-08-10 11:31:57.427		1	1	0	1	0	47	-1592
119	WLA	ABBOTT, WILLIAM L.							2003-08-10 11:31:57.427		1	1	0	1	0	-6	902
370	WLN	Nixon, William L.							2005-05-18 16:39:02.000	2005-05-18 16:39:02.000	1	1	0	1	0	1	515
876	WLP	PAULISSEN, WALTER L.							2019-02-06 10:15:02.530	2019-02-06 10:15:02.530	1	1	0	1	0	-73	-3636
1113	WMD	MCDERMOTT, WILLIAM							2021-03-24 10:25:06.970	2021-03-24 10:25:06.970	1	1	0	1	0	1	1
999	WMH	HANRAHAN, WILLIAM							2020-03-03 09:01:12.907	2020-08-26 11:15:18.460	1	1	0	1	0	1	1
120	WPG	GREENE JR., WILLIAM P.							2003-08-10 11:31:57.427	2012-06-02 16:30:43.000	0	1	0	1	0	1	1
121	WPJ	JOYCE, WILLIAM  							2003-08-10 11:31:57.427		0	1	0	1	0	1	385
866	WPK	KELLY, WYNNE P.							2018-12-19 13:51:50.507	2018-12-19 13:51:50.507	1	1	0	1	0	-264	555
1017	WRL	LEE, WILBUR							2020-05-08 12:12:11.207	2020-05-08 12:12:11.207	1	1	0	1	0	1	1
589	WRU	RUEHLE, WALTER H.							2016-07-27 13:31:44.000	2016-07-27 13:31:44.000	1	1	0	1	0	-4903	905
122	WS	STRASSER, WILLIAM  							2003-08-10 11:31:57.427	2011-02-10 11:11:07.000	0	1	0	1	0	1	636
771	WSL	LARAGY, W. SCOTT							2018-07-03 14:43:36.000	2018-07-03 14:43:36.000	1	1	0	1	0	-103	-164
1124	WTN	NAPIER, WADE THOMAS							2021-03-27 19:43:02.470	2021-03-27 19:43:02.470	1	1	0	1	0	1	1
123	WVW	WYKE, WILLIAM VAN							2003-08-10 11:31:57.427		1	1	0	1	0	-5677	-19270
362	WWS	STOGNER, W. WAYNE							2005-02-10 08:52:00.000	2005-02-10 08:52:00.000	1	1	0	1	0	-1798	-21624
640	X01	LASALLE DETAIL JUDGE 1							2017-03-15 18:45:43.000	2017-03-15 18:45:43.000	1	1	0	1	0	1	1
641	X02	LASALLE DETAIL JUDGE 2							2017-03-15 19:19:53.000	2017-03-15 19:42:39.000	1	1	0	1	0	1	1
642	X03	LASALLE DETAIL JUDGE 3							2017-03-15 19:20:42.000	2017-03-15 19:20:42.000	1	1	0	1	0	1	1
643	X04	LASALLE DETAIL JUDGE 4							2017-03-15 19:21:21.000	2017-03-15 19:21:21.000	1	1	0	1	0	1	1
644	X05	LASALLE DETAIL JUDGE 5							2017-03-15 19:39:26.000	2017-03-15 19:39:26.000	1	1	0	1	0	1	1
645	X06	OTERO DETAIL JUDGE 1							2017-03-15 19:40:17.000	2017-03-15 19:40:17.000	1	1	0	1	0	-6	-8041
646	X07	OTERO DETAIL JUDGE 2							2017-03-15 19:40:50.000	2017-03-15 19:40:50.000	1	1	0	1	0	-6	-8037
649	X08	OTERO DETAIL JUDGE 3							2017-03-15 19:43:32.000	2017-03-15 19:43:32.000	1	1	0	1	0	-6	-8033
650	X09	OTERO DETAIL JUDGE 4							2017-03-15 19:44:05.000	2017-03-15 19:44:05.000	1	1	0	1	0	-6	-8031
651	X10	LAREDO DETAIL JUDGE 1							2017-03-15 19:44:45.000	2017-03-15 19:44:45.000	1	1	0	1	0	-94	-3237
652	X11	KARNES DETAIL JUDGE 1							2017-03-15 19:45:33.000	2017-03-15 19:45:33.000	1	1	0	1	0	-94	-3236
653	X12	DILLEY DETAIL JUDGE 1							2017-03-15 19:46:00.000	2017-03-15 19:46:00.000	1	1	0	1	0	1	-7
654	X13	POLK DETAIL JUDGE 1							2017-03-15 19:46:38.000	2017-03-15 19:46:38.000	1	1	0	1	0	1	696
655	X14	POLK DETAIL JUDGE 2							2017-03-15 19:47:00.000	2017-03-15 19:47:00.000	1	1	0	1	0	1	707
660	X15	DILLEY DETAIL JUDGE 2							2017-03-24 09:28:47.000	2017-03-24 09:28:47.000	1	1	0	1	0	1	-7
661	X16	DILLEY DETAIL JUDGE 3							2017-03-24 09:36:09.000	2017-03-24 09:36:09.000	1	1	0	1	0	1	-7
662	X17	DILLEY DETAIL JUDGE 4							2017-03-24 09:36:58.000	2017-03-24 09:36:58.000	1	1	0	1	0	1	-7
663	X18	DILLEY DETAIL JUDGE 5							2017-03-24 09:37:30.000	2017-03-24 09:37:30.000	1	1	0	1	0	1	-7
667	X19	HOUSTON DETAINED DETAIL JUDGE 1							2017-03-27 11:56:53.000	2017-03-27 14:54:25.000	0	1	0	1	0	1	1
668	X20	HOUSTON DETAINED DETAIL JUDGE 2							2017-03-27 11:58:36.000	2017-03-27 14:55:07.000	0	1	0	1	0	1	1
669	X21	HOUSTON DETAINED DETAIL JUDGE 3							2017-03-27 11:59:16.000	2017-03-27 14:55:42.000	0	1	0	1	0	1	1
670	X22	HOUSTON DETAINED DETAIL JUDGE 4							2017-03-27 11:59:53.000	2017-03-27 14:56:01.000	0	1	0	1	0	1	1
671	X23	HOUSTON DETAINED DETAIL JUDGE 5							2017-03-27 12:00:56.000	2017-03-27 14:56:15.000	0	1	0	1	0	1	1
672	X24	HOUSTON DETAINED DETAIL JUDGE 6							2017-03-27 12:01:25.000	2017-03-27 14:56:31.000	0	1	0	1	0	1	1
673	X25	HUTTO DETAIL JUDGE 1							2017-03-27 14:07:36.000	2017-03-27 14:07:36.000	1	1	0	1	0	-94	-3235
674	X26	HUTTO DETAIL JUDGE 2							2017-03-27 14:08:12.000	2017-03-27 14:14:16.000	1	1	0	1	0	-94	-3234
675	X27	HUTTO DETAIL JUDGE 3							2017-03-27 14:08:36.000	2017-03-27 14:08:36.000	1	1	0	1	0	-94	-3233
676	X28	HUTTO DETAIL JUDGE 4							2017-03-27 14:08:54.000	2017-03-27 14:08:54.000	1	1	0	1	0	-94	-3232
677	X29	HUTTO DETAIL JUDGE 5							2017-03-27 14:09:25.000	2017-03-27 14:09:25.000	1	1	0	1	0	-94	-3225
679	X30	JCD DETAIL JUDGE 1							2017-03-27 16:11:13.000	2017-03-27 16:11:13.000	1	1	0	1	0	1	1
680	X31	JCD DETAIL JUDGE 2							2017-03-27 16:11:40.000	2017-03-27 16:11:40.000	1	1	0	1	0	1	1
681	X32	JCD DETAIL JUDGE 3							2017-03-27 16:11:58.000	2017-03-27 16:11:58.000	1	1	0	1	0	1	1
682	X33	JCD DETAIL JUDGE 4							2017-03-27 16:12:33.000	2017-03-27 16:12:33.000	1	1	0	1	0	1	1
683	X34	JCD DETAIL JUDGE 5							2017-03-27 16:13:09.000	2017-03-27 16:13:09.000	1	1	0	1	0	1	1
684	X35	JCD DETAIL JUDGE 6							2017-03-27 16:13:36.000	2017-03-27 16:13:36.000	1	1	0	1	0	1	1
685	X36	PRAIRIELAND DETAIL JUDGE 1							2017-03-28 16:40:53.000	2017-03-28 16:40:53.000	1	1	0	1	0	-255	-295
686	X37	PRAIRIELAND DETAIL JUDGE 2							2017-03-28 16:42:30.000	2017-03-28 16:42:30.000	1	1	0	1	0	-255	-383
687	X38	OAKDALE DETAIL JUDGE 1							2017-03-30 15:25:42.000	2017-03-30 17:19:05.000	1	1	0	1	0	-33	-1488
688	X39	CIBOLA DETAIL JUDGE 1							2017-04-03 16:13:48.000	2017-04-03 16:13:48.000	1	1	0	1	0	-6	-8030
554	XDD	DAVIS-GUMBS, XIOMARA DIANA							2016-02-01 16:42:20.000	2016-05-17 13:35:34.000	1	1	0	1	0	-5154	341
124	XXX	FORMER IMMIGRATION JUDGE							2003-08-10 11:31:57.427		0	1	0	1	0	-8048	-26639
730	YG1	GONZALEZ, YVONNE S.							2017-10-23 13:02:09.000	2017-10-23 13:02:09.000	1	1	0	1	0	-94	909
528	YKA	ALBERDI, YON K.							2015-05-15 15:22:27.000	2015-12-28 10:23:36.000	1	1	0	1	0	909	-4105
1010	YO1	YORK 1							2020-04-01 14:48:13.353	2020-04-01 14:49:19.980	1	1	0	1	0	1	1
1011	YO2	YORK 2							2020-04-01 14:49:00.013	2020-04-01 14:49:00.013	1	1	0	1	0	1	1
664	YV1	YORK VISITING JUDGE 1							2017-03-24 15:35:36.000	2017-03-24 15:35:36.000	1	1	0	1	0	1	705
665	YV2	YORK VISITING JUDGE 2							2017-03-24 15:36:14.000	2017-03-24 15:36:14.000	1	1	0	1	0	1	706
666	YV3	YORK VISITING JUDGE 3							2017-03-24 15:36:36.000	2017-03-24 15:36:36.000	1	1	0	1	0	1	1
944	YYY	TEST IJ FOR EOIR OIT TESTINGY							2019-10-05 12:23:29.413	2021-06-15 17:44:51.993	0	1	0	1	0	1	1
785	ZAM	MAHASA, ZAKIA  							2018-07-24 08:51:30.000	2018-07-24 08:51:30.000	1	1	0	1	0	-690	744
604	ZAN	ZANFARDINO, RICHARD M.							2016-08-26 15:25:11.000	2016-08-26 15:25:11.000	1	1	0	1	0	-12	896
125	ZZD	DEPAOLO, ZSA ZSA							2003-08-10 11:31:57.427		1	1	0	1	0	480	-6569
931	ZZZ	TEST IJ U FOR EOIR OITTESTINGZ							2019-09-11 09:19:29.377	2021-06-15 17:44:11.453	0	1	0	1	0	1	1
